img,label
/home/timosk/FCN/CamVid/701_StillsRaw_full/Seq05VD_f03270.png,/home/timosk/FCN/CamVid/Labeled_idx/Seq05VD_f03270_L.png.npy
/home/timosk/FCN/CamVid/701_StillsRaw_full/Seq05VD_f01890.png,/home/timosk/FCN/CamVid/Labeled_idx/Seq05VD_f01890_L.png.npy
/home/timosk/FCN/CamVid/701_StillsRaw_full/0016E5_08105.png,/home/timosk/FCN/CamVid/Labeled_idx/0016E5_08105_L.png.npy
/home/timosk/FCN/CamVid/701_StillsRaw_full/0006R0_f01530.png,/home/timosk/FCN/CamVid/Labeled_idx/0006R0_f01530_L.png.npy
/home/timosk/FCN/CamVid/701_StillsRaw_full/0001TP_007500.png,/home/timosk/FCN/CamVid/Labeled_idx/0001TP_007500_L.png.npy
/home/timosk/FCN/CamVid/701_StillsRaw_full/Seq05VD_f02700.png,/home/timosk/FCN/CamVid/Labeled_idx/Seq05VD_f02700_L.png.npy
/home/timosk/FCN/CamVid/701_StillsRaw_full/Seq05VD_f04560.png,/home/timosk/FCN/CamVid/Labeled_idx/Seq05VD_f04560_L.png.npy
/home/timosk/FCN/CamVid/701_StillsRaw_full/Seq05VD_f01260.png,/home/timosk/FCN/CamVid/Labeled_idx/Seq05VD_f01260_L.png.npy
/home/timosk/FCN/CamVid/701_StillsRaw_full/0016E5_06030.png,/home/timosk/FCN/CamVid/Labeled_idx/0016E5_06030_L.png.npy
/home/timosk/FCN/CamVid/701_StillsRaw_full/0016E5_04800.png,/home/timosk/FCN/CamVid/Labeled_idx/0016E5_04800_L.png.npy
/home/timosk/FCN/CamVid/701_StillsRaw_full/0016E5_07050.png,/home/timosk/FCN/CamVid/Labeled_idx/0016E5_07050_L.png.npy
/home/timosk/FCN/CamVid/701_StillsRaw_full/0001TP_007320.png,/home/timosk/FCN/CamVid/Labeled_idx/0001TP_007320_L.png.npy
/home/timosk/FCN/CamVid/701_StillsRaw_full/Seq05VD_f02640.png,/home/timosk/FCN/CamVid/Labeled_idx/Seq05VD_f02640_L.png.npy
/home/timosk/FCN/CamVid/701_StillsRaw_full/0016E5_07961.png,/home/timosk/FCN/CamVid/Labeled_idx/0016E5_07961_L.png.npy
/home/timosk/FCN/CamVid/701_StillsRaw_full/Seq05VD_f01500.png,/home/timosk/FCN/CamVid/Labeled_idx/Seq05VD_f01500_L.png.npy
/home/timosk/FCN/CamVid/701_StillsRaw_full/0016E5_08095.png,/home/timosk/FCN/CamVid/Labeled_idx/0016E5_08095_L.png.npy
/home/timosk/FCN/CamVid/701_StillsRaw_full/Seq05VD_f04320.png,/home/timosk/FCN/CamVid/Labeled_idx/Seq05VD_f04320_L.png.npy
/home/timosk/FCN/CamVid/701_StillsRaw_full/0016E5_08147.png,/home/timosk/FCN/CamVid/Labeled_idx/0016E5_08147_L.png.npy
/home/timosk/FCN/CamVid/701_StillsRaw_full/0016E5_08123.png,/home/timosk/FCN/CamVid/Labeled_idx/0016E5_08123_L.png.npy
/home/timosk/FCN/CamVid/701_StillsRaw_full/0016E5_04920.png,/home/timosk/FCN/CamVid/Labeled_idx/0016E5_04920_L.png.npy
/home/timosk/FCN/CamVid/701_StillsRaw_full/0016E5_04680.png,/home/timosk/FCN/CamVid/Labeled_idx/0016E5_04680_L.png.npy
/home/timosk/FCN/CamVid/701_StillsRaw_full/0016E5_01590.png,/home/timosk/FCN/CamVid/Labeled_idx/0016E5_01590_L.png.npy
/home/timosk/FCN/CamVid/701_StillsRaw_full/0016E5_06990.png,/home/timosk/FCN/CamVid/Labeled_idx/0016E5_06990_L.png.npy
/home/timosk/FCN/CamVid/701_StillsRaw_full/Seq05VD_f01860.png,/home/timosk/FCN/CamVid/Labeled_idx/Seq05VD_f01860_L.png.npy
/home/timosk/FCN/CamVid/701_StillsRaw_full/0016E5_06540.png,/home/timosk/FCN/CamVid/Labeled_idx/0016E5_06540_L.png.npy
/home/timosk/FCN/CamVid/701_StillsRaw_full/0001TP_008280.png,/home/timosk/FCN/CamVid/Labeled_idx/0001TP_008280_L.png.npy
/home/timosk/FCN/CamVid/701_StillsRaw_full/0016E5_02310.png,/home/timosk/FCN/CamVid/Labeled_idx/0016E5_02310_L.png.npy
/home/timosk/FCN/CamVid/701_StillsRaw_full/0016E5_01170.png,/home/timosk/FCN/CamVid/Labeled_idx/0016E5_01170_L.png.npy
/home/timosk/FCN/CamVid/701_StillsRaw_full/Seq05VD_f03450.png,/home/timosk/FCN/CamVid/Labeled_idx/Seq05VD_f03450_L.png.npy
/home/timosk/FCN/CamVid/701_StillsRaw_full/0016E5_07800.png,/home/timosk/FCN/CamVid/Labeled_idx/0016E5_07800_L.png.npy
/home/timosk/FCN/CamVid/701_StillsRaw_full/0016E5_07860.png,/home/timosk/FCN/CamVid/Labeled_idx/0016E5_07860_L.png.npy
/home/timosk/FCN/CamVid/701_StillsRaw_full/0001TP_007650.png,/home/timosk/FCN/CamVid/Labeled_idx/0001TP_007650_L.png.npy
/home/timosk/FCN/CamVid/701_StillsRaw_full/0006R0_f01800.png,/home/timosk/FCN/CamVid/Labeled_idx/0006R0_f01800_L.png.npy
/home/timosk/FCN/CamVid/701_StillsRaw_full/0016E5_07200.png,/home/timosk/FCN/CamVid/Labeled_idx/0016E5_07200_L.png.npy
/home/timosk/FCN/CamVid/701_StillsRaw_full/0001TP_009210.png,/home/timosk/FCN/CamVid/Labeled_idx/0001TP_009210_L.png.npy
/home/timosk/FCN/CamVid/701_StillsRaw_full/Seq05VD_f01590.png,/home/timosk/FCN/CamVid/Labeled_idx/Seq05VD_f01590_L.png.npy
/home/timosk/FCN/CamVid/701_StillsRaw_full/0016E5_06300.png,/home/timosk/FCN/CamVid/Labeled_idx/0016E5_06300_L.png.npy
/home/timosk/FCN/CamVid/701_StillsRaw_full/0006R0_f02640.png,/home/timosk/FCN/CamVid/Labeled_idx/0006R0_f02640_L.png.npy
/home/timosk/FCN/CamVid/701_StillsRaw_full/0006R0_f03270.png,/home/timosk/FCN/CamVid/Labeled_idx/0006R0_f03270_L.png.npy
/home/timosk/FCN/CamVid/701_StillsRaw_full/0016E5_08079.png,/home/timosk/FCN/CamVid/Labeled_idx/0016E5_08079_L.png.npy
/home/timosk/FCN/CamVid/701_StillsRaw_full/0016E5_01740.png,/home/timosk/FCN/CamVid/Labeled_idx/0016E5_01740_L.png.npy
/home/timosk/FCN/CamVid/701_StillsRaw_full/0016E5_05460.png,/home/timosk/FCN/CamVid/Labeled_idx/0016E5_05460_L.png.npy
/home/timosk/FCN/CamVid/701_StillsRaw_full/Seq05VD_f03120.png,/home/timosk/FCN/CamVid/Labeled_idx/Seq05VD_f03120_L.png.npy
/home/timosk/FCN/CamVid/701_StillsRaw_full/Seq05VD_f04530.png,/home/timosk/FCN/CamVid/Labeled_idx/Seq05VD_f04530_L.png.npy
/home/timosk/FCN/CamVid/701_StillsRaw_full/0016E5_01950.png,/home/timosk/FCN/CamVid/Labeled_idx/0016E5_01950_L.png.npy
/home/timosk/FCN/CamVid/701_StillsRaw_full/0001TP_010350.png,/home/timosk/FCN/CamVid/Labeled_idx/0001TP_010350_L.png.npy
/home/timosk/FCN/CamVid/701_StillsRaw_full/0006R0_f01170.png,/home/timosk/FCN/CamVid/Labeled_idx/0006R0_f01170_L.png.npy
/home/timosk/FCN/CamVid/701_StillsRaw_full/0016E5_08340.png,/home/timosk/FCN/CamVid/Labeled_idx/0016E5_08340_L.png.npy
/home/timosk/FCN/CamVid/701_StillsRaw_full/0016E5_06660.png,/home/timosk/FCN/CamVid/Labeled_idx/0016E5_06660_L.png.npy
/home/timosk/FCN/CamVid/701_StillsRaw_full/0016E5_00510.png,/home/timosk/FCN/CamVid/Labeled_idx/0016E5_00510_L.png.npy
/home/timosk/FCN/CamVid/701_StillsRaw_full/Seq05VD_f03690.png,/home/timosk/FCN/CamVid/Labeled_idx/Seq05VD_f03690_L.png.npy
/home/timosk/FCN/CamVid/701_StillsRaw_full/0016E5_08063.png,/home/timosk/FCN/CamVid/Labeled_idx/0016E5_08063_L.png.npy
/home/timosk/FCN/CamVid/701_StillsRaw_full/0016E5_08089.png,/home/timosk/FCN/CamVid/Labeled_idx/0016E5_08089_L.png.npy
/home/timosk/FCN/CamVid/701_StillsRaw_full/0001TP_010260.png,/home/timosk/FCN/CamVid/Labeled_idx/0001TP_010260_L.png.npy
/home/timosk/FCN/CamVid/701_StillsRaw_full/0016E5_05250.png,/home/timosk/FCN/CamVid/Labeled_idx/0016E5_05250_L.png.npy
/home/timosk/FCN/CamVid/701_StillsRaw_full/0016E5_02040.png,/home/timosk/FCN/CamVid/Labeled_idx/0016E5_02040_L.png.npy
/home/timosk/FCN/CamVid/701_StillsRaw_full/Seq05VD_f01740.png,/home/timosk/FCN/CamVid/Labeled_idx/Seq05VD_f01740_L.png.npy
/home/timosk/FCN/CamVid/701_StillsRaw_full/0001TP_009450.png,/home/timosk/FCN/CamVid/Labeled_idx/0001TP_009450_L.png.npy
/home/timosk/FCN/CamVid/701_StillsRaw_full/0001TP_008460.png,/home/timosk/FCN/CamVid/Labeled_idx/0001TP_008460_L.png.npy
/home/timosk/FCN/CamVid/701_StillsRaw_full/0006R0_f03870.png,/home/timosk/FCN/CamVid/Labeled_idx/0006R0_f03870_L.png.npy
/home/timosk/FCN/CamVid/701_StillsRaw_full/0016E5_08121.png,/home/timosk/FCN/CamVid/Labeled_idx/0016E5_08121_L.png.npy
/home/timosk/FCN/CamVid/701_StillsRaw_full/Seq05VD_f04830.png,/home/timosk/FCN/CamVid/Labeled_idx/Seq05VD_f04830_L.png.npy
/home/timosk/FCN/CamVid/701_StillsRaw_full/Seq05VD_f04650.png,/home/timosk/FCN/CamVid/Labeled_idx/Seq05VD_f04650_L.png.npy
/home/timosk/FCN/CamVid/701_StillsRaw_full/0001TP_008730.png,/home/timosk/FCN/CamVid/Labeled_idx/0001TP_008730_L.png.npy
/home/timosk/FCN/CamVid/701_StillsRaw_full/0006R0_f02940.png,/home/timosk/FCN/CamVid/Labeled_idx/0006R0_f02940_L.png.npy
/home/timosk/FCN/CamVid/701_StillsRaw_full/0001TP_007260.png,/home/timosk/FCN/CamVid/Labeled_idx/0001TP_007260_L.png.npy
/home/timosk/FCN/CamVid/701_StillsRaw_full/0001TP_006930.png,/home/timosk/FCN/CamVid/Labeled_idx/0001TP_006930_L.png.npy
/home/timosk/FCN/CamVid/701_StillsRaw_full/0016E5_06450.png,/home/timosk/FCN/CamVid/Labeled_idx/0016E5_06450_L.png.npy
/home/timosk/FCN/CamVid/701_StillsRaw_full/0001TP_008760.png,/home/timosk/FCN/CamVid/Labeled_idx/0001TP_008760_L.png.npy
/home/timosk/FCN/CamVid/701_StillsRaw_full/0001TP_009960.png,/home/timosk/FCN/CamVid/Labeled_idx/0001TP_009960_L.png.npy
/home/timosk/FCN/CamVid/701_StillsRaw_full/0006R0_f01680.png,/home/timosk/FCN/CamVid/Labeled_idx/0006R0_f01680_L.png.npy
/home/timosk/FCN/CamVid/701_StillsRaw_full/0001TP_007530.png,/home/timosk/FCN/CamVid/Labeled_idx/0001TP_007530_L.png.npy
/home/timosk/FCN/CamVid/701_StillsRaw_full/0001TP_006960.png,/home/timosk/FCN/CamVid/Labeled_idx/0001TP_006960_L.png.npy
/home/timosk/FCN/CamVid/701_StillsRaw_full/0006R0_f01830.png,/home/timosk/FCN/CamVid/Labeled_idx/0006R0_f01830_L.png.npy
/home/timosk/FCN/CamVid/701_StillsRaw_full/Seq05VD_f03780.png,/home/timosk/FCN/CamVid/Labeled_idx/Seq05VD_f03780_L.png.npy
/home/timosk/FCN/CamVid/701_StillsRaw_full/0006R0_f02430.png,/home/timosk/FCN/CamVid/Labeled_idx/0006R0_f02430_L.png.npy
/home/timosk/FCN/CamVid/701_StillsRaw_full/Seq05VD_f04950.png,/home/timosk/FCN/CamVid/Labeled_idx/Seq05VD_f04950_L.png.npy
/home/timosk/FCN/CamVid/701_StillsRaw_full/Seq05VD_f00240.png,/home/timosk/FCN/CamVid/Labeled_idx/Seq05VD_f00240_L.png.npy
/home/timosk/FCN/CamVid/701_StillsRaw_full/Seq05VD_f03870.png,/home/timosk/FCN/CamVid/Labeled_idx/Seq05VD_f03870_L.png.npy
/home/timosk/FCN/CamVid/701_StillsRaw_full/0001TP_009330.png,/home/timosk/FCN/CamVid/Labeled_idx/0001TP_009330_L.png.npy
/home/timosk/FCN/CamVid/701_StillsRaw_full/Seq05VD_f00930.png,/home/timosk/FCN/CamVid/Labeled_idx/Seq05VD_f00930_L.png.npy
/home/timosk/FCN/CamVid/701_StillsRaw_full/0006R0_f03750.png,/home/timosk/FCN/CamVid/Labeled_idx/0006R0_f03750_L.png.npy
/home/timosk/FCN/CamVid/701_StillsRaw_full/0016E5_01140.png,/home/timosk/FCN/CamVid/Labeled_idx/0016E5_01140_L.png.npy
/home/timosk/FCN/CamVid/701_StillsRaw_full/0016E5_08019.png,/home/timosk/FCN/CamVid/Labeled_idx/0016E5_08019_L.png.npy
/home/timosk/FCN/CamVid/701_StillsRaw_full/Seq05VD_f00540.png,/home/timosk/FCN/CamVid/Labeled_idx/Seq05VD_f00540_L.png.npy
/home/timosk/FCN/CamVid/701_StillsRaw_full/Seq05VD_f00210.png,/home/timosk/FCN/CamVid/Labeled_idx/Seq05VD_f00210_L.png.npy
/home/timosk/FCN/CamVid/701_StillsRaw_full/0001TP_007920.png,/home/timosk/FCN/CamVid/Labeled_idx/0001TP_007920_L.png.npy
/home/timosk/FCN/CamVid/701_StillsRaw_full/0001TP_008970.png,/home/timosk/FCN/CamVid/Labeled_idx/0001TP_008970_L.png.npy
/home/timosk/FCN/CamVid/701_StillsRaw_full/0001TP_007590.png,/home/timosk/FCN/CamVid/Labeled_idx/0001TP_007590_L.png.npy
/home/timosk/FCN/CamVid/701_StillsRaw_full/Seq05VD_f01140.png,/home/timosk/FCN/CamVid/Labeled_idx/Seq05VD_f01140_L.png.npy
/home/timosk/FCN/CamVid/701_StillsRaw_full/0006R0_f01860.png,/home/timosk/FCN/CamVid/Labeled_idx/0006R0_f01860_L.png.npy
/home/timosk/FCN/CamVid/701_StillsRaw_full/0006R0_f02820.png,/home/timosk/FCN/CamVid/Labeled_idx/0006R0_f02820_L.png.npy
/home/timosk/FCN/CamVid/701_StillsRaw_full/0016E5_06690.png,/home/timosk/FCN/CamVid/Labeled_idx/0016E5_06690_L.png.npy
/home/timosk/FCN/CamVid/701_StillsRaw_full/0001TP_008400.png,/home/timosk/FCN/CamVid/Labeled_idx/0001TP_008400_L.png.npy
/home/timosk/FCN/CamVid/701_StillsRaw_full/0006R0_f01320.png,/home/timosk/FCN/CamVid/Labeled_idx/0006R0_f01320_L.png.npy
/home/timosk/FCN/CamVid/701_StillsRaw_full/0016E5_04620.png,/home/timosk/FCN/CamVid/Labeled_idx/0016E5_04620_L.png.npy
/home/timosk/FCN/CamVid/701_StillsRaw_full/0006R0_f01710.png,/home/timosk/FCN/CamVid/Labeled_idx/0006R0_f01710_L.png.npy
/home/timosk/FCN/CamVid/701_StillsRaw_full/Seq05VD_f00330.png,/home/timosk/FCN/CamVid/Labeled_idx/Seq05VD_f00330_L.png.npy
/home/timosk/FCN/CamVid/701_StillsRaw_full/0016E5_04440.png,/home/timosk/FCN/CamVid/Labeled_idx/0016E5_04440_L.png.npy
/home/timosk/FCN/CamVid/701_StillsRaw_full/0016E5_06810.png,/home/timosk/FCN/CamVid/Labeled_idx/0016E5_06810_L.png.npy
/home/timosk/FCN/CamVid/701_StillsRaw_full/Seq05VD_f00060.png,/home/timosk/FCN/CamVid/Labeled_idx/Seq05VD_f00060_L.png.npy
/home/timosk/FCN/CamVid/701_StillsRaw_full/0006R0_f03450.png,/home/timosk/FCN/CamVid/Labeled_idx/0006R0_f03450_L.png.npy
/home/timosk/FCN/CamVid/701_StillsRaw_full/0006R0_f01200.png,/home/timosk/FCN/CamVid/Labeled_idx/0006R0_f01200_L.png.npy
/home/timosk/FCN/CamVid/701_StillsRaw_full/Seq05VD_f01620.png,/home/timosk/FCN/CamVid/Labeled_idx/Seq05VD_f01620_L.png.npy
/home/timosk/FCN/CamVid/701_StillsRaw_full/0001TP_008340.png,/home/timosk/FCN/CamVid/Labeled_idx/0001TP_008340_L.png.npy
/home/timosk/FCN/CamVid/701_StillsRaw_full/0016E5_08490.png,/home/timosk/FCN/CamVid/Labeled_idx/0016E5_08490_L.png.npy
/home/timosk/FCN/CamVid/701_StillsRaw_full/Seq05VD_f01170.png,/home/timosk/FCN/CamVid/Labeled_idx/Seq05VD_f01170_L.png.npy
/home/timosk/FCN/CamVid/701_StillsRaw_full/0016E5_08015.png,/home/timosk/FCN/CamVid/Labeled_idx/0016E5_08015_L.png.npy
/home/timosk/FCN/CamVid/701_StillsRaw_full/0001TP_006870.png,/home/timosk/FCN/CamVid/Labeled_idx/0001TP_006870_L.png.npy
/home/timosk/FCN/CamVid/701_StillsRaw_full/0016E5_08099.png,/home/timosk/FCN/CamVid/Labeled_idx/0016E5_08099_L.png.npy
/home/timosk/FCN/CamVid/701_StillsRaw_full/Seq05VD_f00660.png,/home/timosk/FCN/CamVid/Labeled_idx/Seq05VD_f00660_L.png.npy
/home/timosk/FCN/CamVid/701_StillsRaw_full/0016E5_08067.png,/home/timosk/FCN/CamVid/Labeled_idx/0016E5_08067_L.png.npy
/home/timosk/FCN/CamVid/701_StillsRaw_full/Seq05VD_f04440.png,/home/timosk/FCN/CamVid/Labeled_idx/Seq05VD_f04440_L.png.npy
/home/timosk/FCN/CamVid/701_StillsRaw_full/Seq05VD_f04080.png,/home/timosk/FCN/CamVid/Labeled_idx/Seq05VD_f04080_L.png.npy
/home/timosk/FCN/CamVid/701_StillsRaw_full/0016E5_07989.png,/home/timosk/FCN/CamVid/Labeled_idx/0016E5_07989_L.png.npy
/home/timosk/FCN/CamVid/701_StillsRaw_full/0001TP_008250.png,/home/timosk/FCN/CamVid/Labeled_idx/0001TP_008250_L.png.npy
/home/timosk/FCN/CamVid/701_StillsRaw_full/Seq05VD_f03090.png,/home/timosk/FCN/CamVid/Labeled_idx/Seq05VD_f03090_L.png.npy
/home/timosk/FCN/CamVid/701_StillsRaw_full/0016E5_06390.png,/home/timosk/FCN/CamVid/Labeled_idx/0016E5_06390_L.png.npy
/home/timosk/FCN/CamVid/701_StillsRaw_full/0006R0_f03600.png,/home/timosk/FCN/CamVid/Labeled_idx/0006R0_f03600_L.png.npy
/home/timosk/FCN/CamVid/701_StillsRaw_full/Seq05VD_f00000.png,/home/timosk/FCN/CamVid/Labeled_idx/Seq05VD_f00000_L.png.npy
/home/timosk/FCN/CamVid/701_StillsRaw_full/0016E5_05040.png,/home/timosk/FCN/CamVid/Labeled_idx/0016E5_05040_L.png.npy
/home/timosk/FCN/CamVid/701_StillsRaw_full/0016E5_08025.png,/home/timosk/FCN/CamVid/Labeled_idx/0016E5_08025_L.png.npy
/home/timosk/FCN/CamVid/701_StillsRaw_full/0016E5_05400.png,/home/timosk/FCN/CamVid/Labeled_idx/0016E5_05400_L.png.npy
/home/timosk/FCN/CamVid/701_StillsRaw_full/0001TP_008040.png,/home/timosk/FCN/CamVid/Labeled_idx/0001TP_008040_L.png.npy
/home/timosk/FCN/CamVid/701_StillsRaw_full/0006R0_f03510.png,/home/timosk/FCN/CamVid/Labeled_idx/0006R0_f03510_L.png.npy
/home/timosk/FCN/CamVid/701_StillsRaw_full/0006R0_f03240.png,/home/timosk/FCN/CamVid/Labeled_idx/0006R0_f03240_L.png.npy
/home/timosk/FCN/CamVid/701_StillsRaw_full/0001TP_007410.png,/home/timosk/FCN/CamVid/Labeled_idx/0001TP_007410_L.png.npy
/home/timosk/FCN/CamVid/701_StillsRaw_full/0016E5_06330.png,/home/timosk/FCN/CamVid/Labeled_idx/0016E5_06330_L.png.npy
/home/timosk/FCN/CamVid/701_StillsRaw_full/0006R0_f02850.png,/home/timosk/FCN/CamVid/Labeled_idx/0006R0_f02850_L.png.npy
/home/timosk/FCN/CamVid/701_StillsRaw_full/0016E5_00750.png,/home/timosk/FCN/CamVid/Labeled_idx/0016E5_00750_L.png.npy
/home/timosk/FCN/CamVid/701_StillsRaw_full/0016E5_06720.png,/home/timosk/FCN/CamVid/Labeled_idx/0016E5_06720_L.png.npy
/home/timosk/FCN/CamVid/701_StillsRaw_full/Seq05VD_f02850.png,/home/timosk/FCN/CamVid/Labeled_idx/Seq05VD_f02850_L.png.npy
/home/timosk/FCN/CamVid/701_StillsRaw_full/0016E5_06270.png,/home/timosk/FCN/CamVid/Labeled_idx/0016E5_06270_L.png.npy
/home/timosk/FCN/CamVid/701_StillsRaw_full/0016E5_02100.png,/home/timosk/FCN/CamVid/Labeled_idx/0016E5_02100_L.png.npy
/home/timosk/FCN/CamVid/701_StillsRaw_full/0016E5_08053.png,/home/timosk/FCN/CamVid/Labeled_idx/0016E5_08053_L.png.npy
/home/timosk/FCN/CamVid/701_StillsRaw_full/Seq05VD_f03930.png,/home/timosk/FCN/CamVid/Labeled_idx/Seq05VD_f03930_L.png.npy
/home/timosk/FCN/CamVid/701_StillsRaw_full/Seq05VD_f02910.png,/home/timosk/FCN/CamVid/Labeled_idx/Seq05VD_f02910_L.png.npy
/home/timosk/FCN/CamVid/701_StillsRaw_full/0001TP_009930.png,/home/timosk/FCN/CamVid/Labeled_idx/0001TP_009930_L.png.npy
/home/timosk/FCN/CamVid/701_StillsRaw_full/0016E5_07977.png,/home/timosk/FCN/CamVid/Labeled_idx/0016E5_07977_L.png.npy
/home/timosk/FCN/CamVid/701_StillsRaw_full/0016E5_07230.png,/home/timosk/FCN/CamVid/Labeled_idx/0016E5_07230_L.png.npy
/home/timosk/FCN/CamVid/701_StillsRaw_full/Seq05VD_f03960.png,/home/timosk/FCN/CamVid/Labeled_idx/Seq05VD_f03960_L.png.npy
/home/timosk/FCN/CamVid/701_StillsRaw_full/0016E5_07920.png,/home/timosk/FCN/CamVid/Labeled_idx/0016E5_07920_L.png.npy
/home/timosk/FCN/CamVid/701_StillsRaw_full/0016E5_01020.png,/home/timosk/FCN/CamVid/Labeled_idx/0016E5_01020_L.png.npy
/home/timosk/FCN/CamVid/701_StillsRaw_full/0006R0_f02610.png,/home/timosk/FCN/CamVid/Labeled_idx/0006R0_f02610_L.png.npy
/home/timosk/FCN/CamVid/701_StillsRaw_full/0016E5_08065.png,/home/timosk/FCN/CamVid/Labeled_idx/0016E5_08065_L.png.npy
/home/timosk/FCN/CamVid/701_StillsRaw_full/0016E5_06060.png,/home/timosk/FCN/CamVid/Labeled_idx/0016E5_06060_L.png.npy
/home/timosk/FCN/CamVid/701_StillsRaw_full/0016E5_08023.png,/home/timosk/FCN/CamVid/Labeled_idx/0016E5_08023_L.png.npy
/home/timosk/FCN/CamVid/701_StillsRaw_full/0016E5_05370.png,/home/timosk/FCN/CamVid/Labeled_idx/0016E5_05370_L.png.npy
/home/timosk/FCN/CamVid/701_StillsRaw_full/0006R0_f02370.png,/home/timosk/FCN/CamVid/Labeled_idx/0006R0_f02370_L.png.npy
/home/timosk/FCN/CamVid/701_StillsRaw_full/Seq05VD_f03840.png,/home/timosk/FCN/CamVid/Labeled_idx/Seq05VD_f03840_L.png.npy
/home/timosk/FCN/CamVid/701_StillsRaw_full/0001TP_008640.png,/home/timosk/FCN/CamVid/Labeled_idx/0001TP_008640_L.png.npy
/home/timosk/FCN/CamVid/701_StillsRaw_full/0001TP_009360.png,/home/timosk/FCN/CamVid/Labeled_idx/0001TP_009360_L.png.npy
/home/timosk/FCN/CamVid/701_StillsRaw_full/0016E5_08045.png,/home/timosk/FCN/CamVid/Labeled_idx/0016E5_08045_L.png.npy
/home/timosk/FCN/CamVid/701_StillsRaw_full/0016E5_08190.png,/home/timosk/FCN/CamVid/Labeled_idx/0016E5_08190_L.png.npy
/home/timosk/FCN/CamVid/701_StillsRaw_full/Seq05VD_f02280.png,/home/timosk/FCN/CamVid/Labeled_idx/Seq05VD_f02280_L.png.npy
/home/timosk/FCN/CamVid/701_StillsRaw_full/0001TP_007980.png,/home/timosk/FCN/CamVid/Labeled_idx/0001TP_007980_L.png.npy
/home/timosk/FCN/CamVid/701_StillsRaw_full/0016E5_00390.png,/home/timosk/FCN/CamVid/Labeled_idx/0016E5_00390_L.png.npy
/home/timosk/FCN/CamVid/701_StillsRaw_full/0001TP_008310.png,/home/timosk/FCN/CamVid/Labeled_idx/0001TP_008310_L.png.npy
/home/timosk/FCN/CamVid/701_StillsRaw_full/0006R0_f01050.png,/home/timosk/FCN/CamVid/Labeled_idx/0006R0_f01050_L.png.npy
/home/timosk/FCN/CamVid/701_StillsRaw_full/Seq05VD_f00150.png,/home/timosk/FCN/CamVid/Labeled_idx/Seq05VD_f00150_L.png.npy
/home/timosk/FCN/CamVid/701_StillsRaw_full/Seq05VD_f02520.png,/home/timosk/FCN/CamVid/Labeled_idx/Seq05VD_f02520_L.png.npy
/home/timosk/FCN/CamVid/701_StillsRaw_full/0016E5_06000.png,/home/timosk/FCN/CamVid/Labeled_idx/0016E5_06000_L.png.npy
/home/timosk/FCN/CamVid/701_StillsRaw_full/0016E5_05520.png,/home/timosk/FCN/CamVid/Labeled_idx/0016E5_05520_L.png.npy
/home/timosk/FCN/CamVid/701_StillsRaw_full/0016E5_06210.png,/home/timosk/FCN/CamVid/Labeled_idx/0016E5_06210_L.png.npy
/home/timosk/FCN/CamVid/701_StillsRaw_full/Seq05VD_f04920.png,/home/timosk/FCN/CamVid/Labeled_idx/Seq05VD_f04920_L.png.npy
/home/timosk/FCN/CamVid/701_StillsRaw_full/0016E5_08059.png,/home/timosk/FCN/CamVid/Labeled_idx/0016E5_08059_L.png.npy
/home/timosk/FCN/CamVid/701_StillsRaw_full/0006R0_f03690.png,/home/timosk/FCN/CamVid/Labeled_idx/0006R0_f03690_L.png.npy
/home/timosk/FCN/CamVid/701_StillsRaw_full/Seq05VD_f02790.png,/home/timosk/FCN/CamVid/Labeled_idx/Seq05VD_f02790_L.png.npy
/home/timosk/FCN/CamVid/701_StillsRaw_full/0016E5_07410.png,/home/timosk/FCN/CamVid/Labeled_idx/0016E5_07410_L.png.npy
/home/timosk/FCN/CamVid/701_StillsRaw_full/0016E5_07973.png,/home/timosk/FCN/CamVid/Labeled_idx/0016E5_07973_L.png.npy
/home/timosk/FCN/CamVid/701_StillsRaw_full/Seq05VD_f03570.png,/home/timosk/FCN/CamVid/Labeled_idx/Seq05VD_f03570_L.png.npy
/home/timosk/FCN/CamVid/701_StillsRaw_full/0016E5_05610.png,/home/timosk/FCN/CamVid/Labeled_idx/0016E5_05610_L.png.npy
/home/timosk/FCN/CamVid/701_StillsRaw_full/Seq05VD_f03210.png,/home/timosk/FCN/CamVid/Labeled_idx/Seq05VD_f03210_L.png.npy
/home/timosk/FCN/CamVid/701_StillsRaw_full/0016E5_06930.png,/home/timosk/FCN/CamVid/Labeled_idx/0016E5_06930_L.png.npy
/home/timosk/FCN/CamVid/701_StillsRaw_full/0016E5_05970.png,/home/timosk/FCN/CamVid/Labeled_idx/0016E5_05970_L.png.npy
/home/timosk/FCN/CamVid/701_StillsRaw_full/0016E5_07380.png,/home/timosk/FCN/CamVid/Labeled_idx/0016E5_07380_L.png.npy
/home/timosk/FCN/CamVid/701_StillsRaw_full/0016E5_08085.png,/home/timosk/FCN/CamVid/Labeled_idx/0016E5_08085_L.png.npy
/home/timosk/FCN/CamVid/701_StillsRaw_full/0016E5_02340.png,/home/timosk/FCN/CamVid/Labeled_idx/0016E5_02340_L.png.npy
/home/timosk/FCN/CamVid/701_StillsRaw_full/0016E5_08137.png,/home/timosk/FCN/CamVid/Labeled_idx/0016E5_08137_L.png.npy
/home/timosk/FCN/CamVid/701_StillsRaw_full/0016E5_05940.png,/home/timosk/FCN/CamVid/Labeled_idx/0016E5_05940_L.png.npy
/home/timosk/FCN/CamVid/701_StillsRaw_full/0006R0_f02400.png,/home/timosk/FCN/CamVid/Labeled_idx/0006R0_f02400_L.png.npy
/home/timosk/FCN/CamVid/701_StillsRaw_full/Seq05VD_f03900.png,/home/timosk/FCN/CamVid/Labeled_idx/Seq05VD_f03900_L.png.npy
/home/timosk/FCN/CamVid/701_StillsRaw_full/0016E5_05760.png,/home/timosk/FCN/CamVid/Labeled_idx/0016E5_05760_L.png.npy
/home/timosk/FCN/CamVid/701_StillsRaw_full/0016E5_07350.png,/home/timosk/FCN/CamVid/Labeled_idx/0016E5_07350_L.png.npy
/home/timosk/FCN/CamVid/701_StillsRaw_full/0006R0_f01260.png,/home/timosk/FCN/CamVid/Labeled_idx/0006R0_f01260_L.png.npy
/home/timosk/FCN/CamVid/701_StillsRaw_full/Seq05VD_f02160.png,/home/timosk/FCN/CamVid/Labeled_idx/Seq05VD_f02160_L.png.npy
/home/timosk/FCN/CamVid/701_StillsRaw_full/0016E5_05100.png,/home/timosk/FCN/CamVid/Labeled_idx/0016E5_05100_L.png.npy
/home/timosk/FCN/CamVid/701_StillsRaw_full/Seq05VD_f02460.png,/home/timosk/FCN/CamVid/Labeled_idx/Seq05VD_f02460_L.png.npy
/home/timosk/FCN/CamVid/701_StillsRaw_full/Seq05VD_f00090.png,/home/timosk/FCN/CamVid/Labeled_idx/Seq05VD_f00090_L.png.npy
/home/timosk/FCN/CamVid/701_StillsRaw_full/Seq05VD_f00720.png,/home/timosk/FCN/CamVid/Labeled_idx/Seq05VD_f00720_L.png.npy
/home/timosk/FCN/CamVid/701_StillsRaw_full/0016E5_08430.png,/home/timosk/FCN/CamVid/Labeled_idx/0016E5_08430_L.png.npy
/home/timosk/FCN/CamVid/701_StillsRaw_full/0016E5_06840.png,/home/timosk/FCN/CamVid/Labeled_idx/0016E5_06840_L.png.npy
/home/timosk/FCN/CamVid/701_StillsRaw_full/0016E5_07470.png,/home/timosk/FCN/CamVid/Labeled_idx/0016E5_07470_L.png.npy
/home/timosk/FCN/CamVid/701_StillsRaw_full/0016E5_08133.png,/home/timosk/FCN/CamVid/Labeled_idx/0016E5_08133_L.png.npy
/home/timosk/FCN/CamVid/701_StillsRaw_full/0016E5_01410.png,/home/timosk/FCN/CamVid/Labeled_idx/0016E5_01410_L.png.npy
/home/timosk/FCN/CamVid/701_StillsRaw_full/Seq05VD_f01230.png,/home/timosk/FCN/CamVid/Labeled_idx/Seq05VD_f01230_L.png.npy
/home/timosk/FCN/CamVid/701_StillsRaw_full/0016E5_04980.png,/home/timosk/FCN/CamVid/Labeled_idx/0016E5_04980_L.png.npy
/home/timosk/FCN/CamVid/701_StillsRaw_full/0016E5_08115.png,/home/timosk/FCN/CamVid/Labeled_idx/0016E5_08115_L.png.npy
/home/timosk/FCN/CamVid/701_StillsRaw_full/0016E5_02070.png,/home/timosk/FCN/CamVid/Labeled_idx/0016E5_02070_L.png.npy
/home/timosk/FCN/CamVid/701_StillsRaw_full/0016E5_01470.png,/home/timosk/FCN/CamVid/Labeled_idx/0016E5_01470_L.png.npy
/home/timosk/FCN/CamVid/701_StillsRaw_full/0006R0_f02880.png,/home/timosk/FCN/CamVid/Labeled_idx/0006R0_f02880_L.png.npy
/home/timosk/FCN/CamVid/701_StillsRaw_full/Seq05VD_f02490.png,/home/timosk/FCN/CamVid/Labeled_idx/Seq05VD_f02490_L.png.npy
/home/timosk/FCN/CamVid/701_StillsRaw_full/Seq05VD_f00690.png,/home/timosk/FCN/CamVid/Labeled_idx/Seq05VD_f00690_L.png.npy
/home/timosk/FCN/CamVid/701_StillsRaw_full/0006R0_f01740.png,/home/timosk/FCN/CamVid/Labeled_idx/0006R0_f01740_L.png.npy
/home/timosk/FCN/CamVid/701_StillsRaw_full/0016E5_08057.png,/home/timosk/FCN/CamVid/Labeled_idx/0016E5_08057_L.png.npy
/home/timosk/FCN/CamVid/701_StillsRaw_full/0016E5_08310.png,/home/timosk/FCN/CamVid/Labeled_idx/0016E5_08310_L.png.npy
/home/timosk/FCN/CamVid/701_StillsRaw_full/0016E5_08061.png,/home/timosk/FCN/CamVid/Labeled_idx/0016E5_08061_L.png.npy
/home/timosk/FCN/CamVid/701_StillsRaw_full/Seq05VD_f00570.png,/home/timosk/FCN/CamVid/Labeled_idx/Seq05VD_f00570_L.png.npy
/home/timosk/FCN/CamVid/701_StillsRaw_full/0016E5_04590.png,/home/timosk/FCN/CamVid/Labeled_idx/0016E5_04590_L.png.npy
/home/timosk/FCN/CamVid/701_StillsRaw_full/Seq05VD_f00600.png,/home/timosk/FCN/CamVid/Labeled_idx/Seq05VD_f00600_L.png.npy
/home/timosk/FCN/CamVid/701_StillsRaw_full/0001TP_009870.png,/home/timosk/FCN/CamVid/Labeled_idx/0001TP_009870_L.png.npy
/home/timosk/FCN/CamVid/701_StillsRaw_full/Seq05VD_f04800.png,/home/timosk/FCN/CamVid/Labeled_idx/Seq05VD_f04800_L.png.npy
/home/timosk/FCN/CamVid/701_StillsRaw_full/Seq05VD_f03720.png,/home/timosk/FCN/CamVid/Labeled_idx/Seq05VD_f03720_L.png.npy
/home/timosk/FCN/CamVid/701_StillsRaw_full/0016E5_06870.png,/home/timosk/FCN/CamVid/Labeled_idx/0016E5_06870_L.png.npy
/home/timosk/FCN/CamVid/701_StillsRaw_full/0006R0_f03120.png,/home/timosk/FCN/CamVid/Labeled_idx/0006R0_f03120_L.png.npy
/home/timosk/FCN/CamVid/701_StillsRaw_full/0016E5_08129.png,/home/timosk/FCN/CamVid/Labeled_idx/0016E5_08129_L.png.npy
/home/timosk/FCN/CamVid/701_StillsRaw_full/0001TP_010320.png,/home/timosk/FCN/CamVid/Labeled_idx/0001TP_010320_L.png.npy
/home/timosk/FCN/CamVid/701_StillsRaw_full/Seq05VD_f01050.png,/home/timosk/FCN/CamVid/Labeled_idx/Seq05VD_f01050_L.png.npy
/home/timosk/FCN/CamVid/701_StillsRaw_full/0006R0_f02730.png,/home/timosk/FCN/CamVid/Labeled_idx/0006R0_f02730_L.png.npy
/home/timosk/FCN/CamVid/701_StillsRaw_full/0006R0_f02790.png,/home/timosk/FCN/CamVid/Labeled_idx/0006R0_f02790_L.png.npy
/home/timosk/FCN/CamVid/701_StillsRaw_full/Seq05VD_f02970.png,/home/timosk/FCN/CamVid/Labeled_idx/Seq05VD_f02970_L.png.npy
/home/timosk/FCN/CamVid/701_StillsRaw_full/0016E5_08400.png,/home/timosk/FCN/CamVid/Labeled_idx/0016E5_08400_L.png.npy
/home/timosk/FCN/CamVid/701_StillsRaw_full/0016E5_05790.png,/home/timosk/FCN/CamVid/Labeled_idx/0016E5_05790_L.png.npy
/home/timosk/FCN/CamVid/701_StillsRaw_full/0006R0_f01620.png,/home/timosk/FCN/CamVid/Labeled_idx/0006R0_f01620_L.png.npy
/home/timosk/FCN/CamVid/701_StillsRaw_full/0006R0_f03420.png,/home/timosk/FCN/CamVid/Labeled_idx/0006R0_f03420_L.png.npy
/home/timosk/FCN/CamVid/701_StillsRaw_full/0001TP_007050.png,/home/timosk/FCN/CamVid/Labeled_idx/0001TP_007050_L.png.npy
/home/timosk/FCN/CamVid/701_StillsRaw_full/0016E5_01710.png,/home/timosk/FCN/CamVid/Labeled_idx/0016E5_01710_L.png.npy
/home/timosk/FCN/CamVid/701_StillsRaw_full/0016E5_08049.png,/home/timosk/FCN/CamVid/Labeled_idx/0016E5_08049_L.png.npy
/home/timosk/FCN/CamVid/701_StillsRaw_full/0001TP_008790.png,/home/timosk/FCN/CamVid/Labeled_idx/0001TP_008790_L.png.npy
/home/timosk/FCN/CamVid/701_StillsRaw_full/Seq05VD_f03180.png,/home/timosk/FCN/CamVid/Labeled_idx/Seq05VD_f03180_L.png.npy
/home/timosk/FCN/CamVid/701_StillsRaw_full/0006R0_f03000.png,/home/timosk/FCN/CamVid/Labeled_idx/0006R0_f03000_L.png.npy
/home/timosk/FCN/CamVid/701_StillsRaw_full/0016E5_01650.png,/home/timosk/FCN/CamVid/Labeled_idx/0016E5_01650_L.png.npy
/home/timosk/FCN/CamVid/701_StillsRaw_full/Seq05VD_f05040.png,/home/timosk/FCN/CamVid/Labeled_idx/Seq05VD_f05040_L.png.npy
/home/timosk/FCN/CamVid/701_StillsRaw_full/0016E5_08087.png,/home/timosk/FCN/CamVid/Labeled_idx/0016E5_08087_L.png.npy
/home/timosk/FCN/CamVid/701_StillsRaw_full/0016E5_05730.png,/home/timosk/FCN/CamVid/Labeled_idx/0016E5_05730_L.png.npy
/home/timosk/FCN/CamVid/701_StillsRaw_full/Seq05VD_f03390.png,/home/timosk/FCN/CamVid/Labeled_idx/Seq05VD_f03390_L.png.npy
/home/timosk/FCN/CamVid/701_StillsRaw_full/0016E5_00930.png,/home/timosk/FCN/CamVid/Labeled_idx/0016E5_00930_L.png.npy
/home/timosk/FCN/CamVid/701_StillsRaw_full/Seq05VD_f04200.png,/home/timosk/FCN/CamVid/Labeled_idx/Seq05VD_f04200_L.png.npy
/home/timosk/FCN/CamVid/701_StillsRaw_full/0016E5_08033.png,/home/timosk/FCN/CamVid/Labeled_idx/0016E5_08033_L.png.npy
/home/timosk/FCN/CamVid/701_StillsRaw_full/0001TP_010020.png,/home/timosk/FCN/CamVid/Labeled_idx/0001TP_010020_L.png.npy
/home/timosk/FCN/CamVid/701_StillsRaw_full/0006R0_f02130.png,/home/timosk/FCN/CamVid/Labeled_idx/0006R0_f02130_L.png.npy
/home/timosk/FCN/CamVid/701_StillsRaw_full/0001TP_010080.png,/home/timosk/FCN/CamVid/Labeled_idx/0001TP_010080_L.png.npy
/home/timosk/FCN/CamVid/701_StillsRaw_full/Seq05VD_f04590.png,/home/timosk/FCN/CamVid/Labeled_idx/Seq05VD_f04590_L.png.npy
/home/timosk/FCN/CamVid/701_StillsRaw_full/0001TP_008670.png,/home/timosk/FCN/CamVid/Labeled_idx/0001TP_008670_L.png.npy
/home/timosk/FCN/CamVid/701_StillsRaw_full/0006R0_f03330.png,/home/timosk/FCN/CamVid/Labeled_idx/0006R0_f03330_L.png.npy
/home/timosk/FCN/CamVid/701_StillsRaw_full/0016E5_07890.png,/home/timosk/FCN/CamVid/Labeled_idx/0016E5_07890_L.png.npy
/home/timosk/FCN/CamVid/701_StillsRaw_full/0006R0_f01230.png,/home/timosk/FCN/CamVid/Labeled_idx/0006R0_f01230_L.png.npy
/home/timosk/FCN/CamVid/701_StillsRaw_full/0001TP_007800.png,/home/timosk/FCN/CamVid/Labeled_idx/0001TP_007800_L.png.npy
/home/timosk/FCN/CamVid/701_StillsRaw_full/0001TP_008100.png,/home/timosk/FCN/CamVid/Labeled_idx/0001TP_008100_L.png.npy
/home/timosk/FCN/CamVid/701_StillsRaw_full/0006R0_f01140.png,/home/timosk/FCN/CamVid/Labeled_idx/0006R0_f01140_L.png.npy
/home/timosk/FCN/CamVid/701_StillsRaw_full/0016E5_05820.png,/home/timosk/FCN/CamVid/Labeled_idx/0016E5_05820_L.png.npy
/home/timosk/FCN/CamVid/701_StillsRaw_full/Seq05VD_f04860.png,/home/timosk/FCN/CamVid/Labeled_idx/Seq05VD_f04860_L.png.npy
/home/timosk/FCN/CamVid/701_StillsRaw_full/0001TP_007440.png,/home/timosk/FCN/CamVid/Labeled_idx/0001TP_007440_L.png.npy
/home/timosk/FCN/CamVid/701_StillsRaw_full/0006R0_f03540.png,/home/timosk/FCN/CamVid/Labeled_idx/0006R0_f03540_L.png.npy
/home/timosk/FCN/CamVid/701_StillsRaw_full/Seq05VD_f03360.png,/home/timosk/FCN/CamVid/Labeled_idx/Seq05VD_f03360_L.png.npy
/home/timosk/FCN/CamVid/701_StillsRaw_full/0016E5_00690.png,/home/timosk/FCN/CamVid/Labeled_idx/0016E5_00690_L.png.npy
/home/timosk/FCN/CamVid/701_StillsRaw_full/0006R0_f02760.png,/home/timosk/FCN/CamVid/Labeled_idx/0006R0_f02760_L.png.npy
/home/timosk/FCN/CamVid/701_StillsRaw_full/0016E5_00780.png,/home/timosk/FCN/CamVid/Labeled_idx/0016E5_00780_L.png.npy
/home/timosk/FCN/CamVid/701_StillsRaw_full/Seq05VD_f00510.png,/home/timosk/FCN/CamVid/Labeled_idx/Seq05VD_f00510_L.png.npy
/home/timosk/FCN/CamVid/701_StillsRaw_full/Seq05VD_f00840.png,/home/timosk/FCN/CamVid/Labeled_idx/Seq05VD_f00840_L.png.npy
/home/timosk/FCN/CamVid/701_StillsRaw_full/0016E5_08119.png,/home/timosk/FCN/CamVid/Labeled_idx/0016E5_08119_L.png.npy
/home/timosk/FCN/CamVid/701_StillsRaw_full/0006R0_f02310.png,/home/timosk/FCN/CamVid/Labeled_idx/0006R0_f02310_L.png.npy
/home/timosk/FCN/CamVid/701_StillsRaw_full/0001TP_009690.png,/home/timosk/FCN/CamVid/Labeled_idx/0001TP_009690_L.png.npy
/home/timosk/FCN/CamVid/701_StillsRaw_full/0016E5_01800.png,/home/timosk/FCN/CamVid/Labeled_idx/0016E5_01800_L.png.npy
/home/timosk/FCN/CamVid/701_StillsRaw_full/Seq05VD_f01080.png,/home/timosk/FCN/CamVid/Labeled_idx/Seq05VD_f01080_L.png.npy
/home/timosk/FCN/CamVid/701_StillsRaw_full/0016E5_07959.png,/home/timosk/FCN/CamVid/Labeled_idx/0016E5_07959_L.png.npy
/home/timosk/FCN/CamVid/701_StillsRaw_full/0016E5_06900.png,/home/timosk/FCN/CamVid/Labeled_idx/0016E5_06900_L.png.npy
/home/timosk/FCN/CamVid/701_StillsRaw_full/0016E5_04380.png,/home/timosk/FCN/CamVid/Labeled_idx/0016E5_04380_L.png.npy
/home/timosk/FCN/CamVid/701_StillsRaw_full/0016E5_00870.png,/home/timosk/FCN/CamVid/Labeled_idx/0016E5_00870_L.png.npy
/home/timosk/FCN/CamVid/701_StillsRaw_full/0001TP_007110.png,/home/timosk/FCN/CamVid/Labeled_idx/0001TP_007110_L.png.npy
/home/timosk/FCN/CamVid/701_StillsRaw_full/0001TP_009180.png,/home/timosk/FCN/CamVid/Labeled_idx/0001TP_009180_L.png.npy
/home/timosk/FCN/CamVid/701_StillsRaw_full/0016E5_02280.png,/home/timosk/FCN/CamVid/Labeled_idx/0016E5_02280_L.png.npy
/home/timosk/FCN/CamVid/701_StillsRaw_full/0016E5_08081.png,/home/timosk/FCN/CamVid/Labeled_idx/0016E5_08081_L.png.npy
/home/timosk/FCN/CamVid/701_StillsRaw_full/0006R0_f03630.png,/home/timosk/FCN/CamVid/Labeled_idx/0006R0_f03630_L.png.npy
/home/timosk/FCN/CamVid/701_StillsRaw_full/0016E5_07560.png,/home/timosk/FCN/CamVid/Labeled_idx/0016E5_07560_L.png.npy
/home/timosk/FCN/CamVid/701_StillsRaw_full/0001TP_009840.png,/home/timosk/FCN/CamVid/Labeled_idx/0001TP_009840_L.png.npy
/home/timosk/FCN/CamVid/701_StillsRaw_full/Seq05VD_f04740.png,/home/timosk/FCN/CamVid/Labeled_idx/Seq05VD_f04740_L.png.npy
/home/timosk/FCN/CamVid/701_StillsRaw_full/Seq05VD_f01710.png,/home/timosk/FCN/CamVid/Labeled_idx/Seq05VD_f01710_L.png.npy
/home/timosk/FCN/CamVid/701_StillsRaw_full/0016E5_05340.png,/home/timosk/FCN/CamVid/Labeled_idx/0016E5_05340_L.png.npy
/home/timosk/FCN/CamVid/701_StillsRaw_full/0001TP_008220.png,/home/timosk/FCN/CamVid/Labeled_idx/0001TP_008220_L.png.npy
/home/timosk/FCN/CamVid/701_StillsRaw_full/0016E5_08093.png,/home/timosk/FCN/CamVid/Labeled_idx/0016E5_08093_L.png.npy
/home/timosk/FCN/CamVid/701_StillsRaw_full/0016E5_07140.png,/home/timosk/FCN/CamVid/Labeled_idx/0016E5_07140_L.png.npy
/home/timosk/FCN/CamVid/701_StillsRaw_full/Seq05VD_f01980.png,/home/timosk/FCN/CamVid/Labeled_idx/Seq05VD_f01980_L.png.npy
/home/timosk/FCN/CamVid/701_StillsRaw_full/Seq05VD_f02370.png,/home/timosk/FCN/CamVid/Labeled_idx/Seq05VD_f02370_L.png.npy
/home/timosk/FCN/CamVid/701_StillsRaw_full/0016E5_07260.png,/home/timosk/FCN/CamVid/Labeled_idx/0016E5_07260_L.png.npy
/home/timosk/FCN/CamVid/701_StillsRaw_full/0016E5_05310.png,/home/timosk/FCN/CamVid/Labeled_idx/0016E5_05310_L.png.npy
/home/timosk/FCN/CamVid/701_StillsRaw_full/0006R0_f03090.png,/home/timosk/FCN/CamVid/Labeled_idx/0006R0_f03090_L.png.npy
/home/timosk/FCN/CamVid/701_StillsRaw_full/Seq05VD_f00480.png,/home/timosk/FCN/CamVid/Labeled_idx/Seq05VD_f00480_L.png.npy
/home/timosk/FCN/CamVid/701_StillsRaw_full/Seq05VD_f04290.png,/home/timosk/FCN/CamVid/Labeled_idx/Seq05VD_f04290_L.png.npy
/home/timosk/FCN/CamVid/701_StillsRaw_full/0016E5_05880.png,/home/timosk/FCN/CamVid/Labeled_idx/0016E5_05880_L.png.npy
/home/timosk/FCN/CamVid/701_StillsRaw_full/0016E5_07981.png,/home/timosk/FCN/CamVid/Labeled_idx/0016E5_07981_L.png.npy
/home/timosk/FCN/CamVid/701_StillsRaw_full/0016E5_04830.png,/home/timosk/FCN/CamVid/Labeled_idx/0016E5_04830_L.png.npy
/home/timosk/FCN/CamVid/701_StillsRaw_full/0016E5_08159.png,/home/timosk/FCN/CamVid/Labeled_idx/0016E5_08159_L.png.npy
/home/timosk/FCN/CamVid/701_StillsRaw_full/Seq05VD_f04980.png,/home/timosk/FCN/CamVid/Labeled_idx/Seq05VD_f04980_L.png.npy
/home/timosk/FCN/CamVid/701_StillsRaw_full/0001TP_007290.png,/home/timosk/FCN/CamVid/Labeled_idx/0001TP_007290_L.png.npy
/home/timosk/FCN/CamVid/701_StillsRaw_full/Seq05VD_f03510.png,/home/timosk/FCN/CamVid/Labeled_idx/Seq05VD_f03510_L.png.npy
/home/timosk/FCN/CamVid/701_StillsRaw_full/0016E5_08007.png,/home/timosk/FCN/CamVid/Labeled_idx/0016E5_08007_L.png.npy
/home/timosk/FCN/CamVid/701_StillsRaw_full/0016E5_08021.png,/home/timosk/FCN/CamVid/Labeled_idx/0016E5_08021_L.png.npy
/home/timosk/FCN/CamVid/701_StillsRaw_full/0016E5_08131.png,/home/timosk/FCN/CamVid/Labeled_idx/0016E5_08131_L.png.npy
/home/timosk/FCN/CamVid/701_StillsRaw_full/0016E5_01380.png,/home/timosk/FCN/CamVid/Labeled_idx/0016E5_01380_L.png.npy
/home/timosk/FCN/CamVid/701_StillsRaw_full/0006R0_f01290.png,/home/timosk/FCN/CamVid/Labeled_idx/0006R0_f01290_L.png.npy
/home/timosk/FCN/CamVid/701_StillsRaw_full/0001TP_008430.png,/home/timosk/FCN/CamVid/Labeled_idx/0001TP_008430_L.png.npy
/home/timosk/FCN/CamVid/701_StillsRaw_full/0001TP_009660.png,/home/timosk/FCN/CamVid/Labeled_idx/0001TP_009660_L.png.npy
/home/timosk/FCN/CamVid/701_StillsRaw_full/0016E5_08460.png,/home/timosk/FCN/CamVid/Labeled_idx/0016E5_08460_L.png.npy
/home/timosk/FCN/CamVid/701_StillsRaw_full/0001TP_010110.png,/home/timosk/FCN/CamVid/Labeled_idx/0001TP_010110_L.png.npy
/home/timosk/FCN/CamVid/701_StillsRaw_full/0016E5_06510.png,/home/timosk/FCN/CamVid/Labeled_idx/0016E5_06510_L.png.npy
/home/timosk/FCN/CamVid/701_StillsRaw_full/0001TP_009390.png,/home/timosk/FCN/CamVid/Labeled_idx/0001TP_009390_L.png.npy
/home/timosk/FCN/CamVid/701_StillsRaw_full/Seq05VD_f00390.png,/home/timosk/FCN/CamVid/Labeled_idx/Seq05VD_f00390_L.png.npy
/home/timosk/FCN/CamVid/701_StillsRaw_full/0001TP_006900.png,/home/timosk/FCN/CamVid/Labeled_idx/0001TP_006900_L.png.npy
/home/timosk/FCN/CamVid/701_StillsRaw_full/Seq05VD_f03330.png,/home/timosk/FCN/CamVid/Labeled_idx/Seq05VD_f03330_L.png.npy
/home/timosk/FCN/CamVid/701_StillsRaw_full/Seq05VD_f04020.png,/home/timosk/FCN/CamVid/Labeled_idx/Seq05VD_f04020_L.png.npy
/home/timosk/FCN/CamVid/701_StillsRaw_full/0001TP_008070.png,/home/timosk/FCN/CamVid/Labeled_idx/0001TP_008070_L.png.npy
/home/timosk/FCN/CamVid/701_StillsRaw_full/Seq05VD_f04350.png,/home/timosk/FCN/CamVid/Labeled_idx/Seq05VD_f04350_L.png.npy
/home/timosk/FCN/CamVid/701_StillsRaw_full/Seq05VD_f02070.png,/home/timosk/FCN/CamVid/Labeled_idx/Seq05VD_f02070_L.png.npy
/home/timosk/FCN/CamVid/701_StillsRaw_full/Seq05VD_f00750.png,/home/timosk/FCN/CamVid/Labeled_idx/Seq05VD_f00750_L.png.npy
/home/timosk/FCN/CamVid/701_StillsRaw_full/0016E5_08041.png,/home/timosk/FCN/CamVid/Labeled_idx/0016E5_08041_L.png.npy
/home/timosk/FCN/CamVid/701_StillsRaw_full/0016E5_00600.png,/home/timosk/FCN/CamVid/Labeled_idx/0016E5_00600_L.png.npy
/home/timosk/FCN/CamVid/701_StillsRaw_full/0016E5_08047.png,/home/timosk/FCN/CamVid/Labeled_idx/0016E5_08047_L.png.npy
/home/timosk/FCN/CamVid/701_StillsRaw_full/0016E5_08051.png,/home/timosk/FCN/CamVid/Labeled_idx/0016E5_08051_L.png.npy
/home/timosk/FCN/CamVid/701_StillsRaw_full/0016E5_08071.png,/home/timosk/FCN/CamVid/Labeled_idx/0016E5_08071_L.png.npy
/home/timosk/FCN/CamVid/701_StillsRaw_full/0016E5_02130.png,/home/timosk/FCN/CamVid/Labeled_idx/0016E5_02130_L.png.npy
/home/timosk/FCN/CamVid/701_StillsRaw_full/0016E5_00990.png,/home/timosk/FCN/CamVid/Labeled_idx/0016E5_00990_L.png.npy
/home/timosk/FCN/CamVid/701_StillsRaw_full/0016E5_07975.png,/home/timosk/FCN/CamVid/Labeled_idx/0016E5_07975_L.png.npy
/home/timosk/FCN/CamVid/701_StillsRaw_full/0016E5_01830.png,/home/timosk/FCN/CamVid/Labeled_idx/0016E5_01830_L.png.npy
/home/timosk/FCN/CamVid/701_StillsRaw_full/0001TP_009600.png,/home/timosk/FCN/CamVid/Labeled_idx/0001TP_009600_L.png.npy
/home/timosk/FCN/CamVid/701_StillsRaw_full/Seq05VD_f05010.png,/home/timosk/FCN/CamVid/Labeled_idx/Seq05VD_f05010_L.png.npy
/home/timosk/FCN/CamVid/701_StillsRaw_full/0006R0_f02670.png,/home/timosk/FCN/CamVid/Labeled_idx/0006R0_f02670_L.png.npy
/home/timosk/FCN/CamVid/701_StillsRaw_full/0016E5_07965.png,/home/timosk/FCN/CamVid/Labeled_idx/0016E5_07965_L.png.npy
/home/timosk/FCN/CamVid/701_StillsRaw_full/Seq05VD_f00870.png,/home/timosk/FCN/CamVid/Labeled_idx/Seq05VD_f00870_L.png.npy
/home/timosk/FCN/CamVid/701_StillsRaw_full/0016E5_07740.png,/home/timosk/FCN/CamVid/Labeled_idx/0016E5_07740_L.png.npy
/home/timosk/FCN/CamVid/701_StillsRaw_full/0016E5_00480.png,/home/timosk/FCN/CamVid/Labeled_idx/0016E5_00480_L.png.npy
/home/timosk/FCN/CamVid/701_StillsRaw_full/0016E5_01560.png,/home/timosk/FCN/CamVid/Labeled_idx/0016E5_01560_L.png.npy
/home/timosk/FCN/CamVid/701_StillsRaw_full/Seq05VD_f01830.png,/home/timosk/FCN/CamVid/Labeled_idx/Seq05VD_f01830_L.png.npy
/home/timosk/FCN/CamVid/701_StillsRaw_full/0006R0_f02280.png,/home/timosk/FCN/CamVid/Labeled_idx/0006R0_f02280_L.png.npy
/home/timosk/FCN/CamVid/701_StillsRaw_full/Seq05VD_f05070.png,/home/timosk/FCN/CamVid/Labeled_idx/Seq05VD_f05070_L.png.npy
/home/timosk/FCN/CamVid/701_StillsRaw_full/0016E5_07969.png,/home/timosk/FCN/CamVid/Labeled_idx/0016E5_07969_L.png.npy
/home/timosk/FCN/CamVid/701_StillsRaw_full/0006R0_f00960.png,/home/timosk/FCN/CamVid/Labeled_idx/0006R0_f00960_L.png.npy
/home/timosk/FCN/CamVid/701_StillsRaw_full/0016E5_01350.png,/home/timosk/FCN/CamVid/Labeled_idx/0016E5_01350_L.png.npy
/home/timosk/FCN/CamVid/701_StillsRaw_full/0006R0_f01470.png,/home/timosk/FCN/CamVid/Labeled_idx/0006R0_f01470_L.png.npy
/home/timosk/FCN/CamVid/701_StillsRaw_full/0006R0_f03150.png,/home/timosk/FCN/CamVid/Labeled_idx/0006R0_f03150_L.png.npy
/home/timosk/FCN/CamVid/701_StillsRaw_full/Seq05VD_f01020.png,/home/timosk/FCN/CamVid/Labeled_idx/Seq05VD_f01020_L.png.npy
/home/timosk/FCN/CamVid/701_StillsRaw_full/0016E5_01440.png,/home/timosk/FCN/CamVid/Labeled_idx/0016E5_01440_L.png.npy
/home/timosk/FCN/CamVid/701_StillsRaw_full/0016E5_08550.png,/home/timosk/FCN/CamVid/Labeled_idx/0016E5_08550_L.png.npy
/home/timosk/FCN/CamVid/701_StillsRaw_full/0006R0_f01350.png,/home/timosk/FCN/CamVid/Labeled_idx/0006R0_f01350_L.png.npy
/home/timosk/FCN/CamVid/701_StillsRaw_full/0001TP_008520.png,/home/timosk/FCN/CamVid/Labeled_idx/0001TP_008520_L.png.npy
/home/timosk/FCN/CamVid/701_StillsRaw_full/0006R0_f02100.png,/home/timosk/FCN/CamVid/Labeled_idx/0006R0_f02100_L.png.npy
/home/timosk/FCN/CamVid/701_StillsRaw_full/0001TP_009030.png,/home/timosk/FCN/CamVid/Labeled_idx/0001TP_009030_L.png.npy
/home/timosk/FCN/CamVid/701_StillsRaw_full/0016E5_08139.png,/home/timosk/FCN/CamVid/Labeled_idx/0016E5_08139_L.png.npy
/home/timosk/FCN/CamVid/701_StillsRaw_full/0016E5_08141.png,/home/timosk/FCN/CamVid/Labeled_idx/0016E5_08141_L.png.npy
/home/timosk/FCN/CamVid/701_StillsRaw_full/0006R0_f02910.png,/home/timosk/FCN/CamVid/Labeled_idx/0006R0_f02910_L.png.npy
/home/timosk/FCN/CamVid/701_StillsRaw_full/0016E5_07530.png,/home/timosk/FCN/CamVid/Labeled_idx/0016E5_07530_L.png.npy
/home/timosk/FCN/CamVid/701_StillsRaw_full/0016E5_08069.png,/home/timosk/FCN/CamVid/Labeled_idx/0016E5_08069_L.png.npy
/home/timosk/FCN/CamVid/701_StillsRaw_full/Seq05VD_f00630.png,/home/timosk/FCN/CamVid/Labeled_idx/Seq05VD_f00630_L.png.npy
/home/timosk/FCN/CamVid/701_StillsRaw_full/0016E5_04740.png,/home/timosk/FCN/CamVid/Labeled_idx/0016E5_04740_L.png.npy
/home/timosk/FCN/CamVid/701_StillsRaw_full/0016E5_01290.png,/home/timosk/FCN/CamVid/Labeled_idx/0016E5_01290_L.png.npy
/home/timosk/FCN/CamVid/701_StillsRaw_full/0016E5_08143.png,/home/timosk/FCN/CamVid/Labeled_idx/0016E5_08143_L.png.npy
/home/timosk/FCN/CamVid/701_StillsRaw_full/Seq05VD_f00450.png,/home/timosk/FCN/CamVid/Labeled_idx/Seq05VD_f00450_L.png.npy
/home/timosk/FCN/CamVid/701_StillsRaw_full/0001TP_008550.png,/home/timosk/FCN/CamVid/Labeled_idx/0001TP_008550_L.png.npy
/home/timosk/FCN/CamVid/701_StillsRaw_full/0016E5_08153.png,/home/timosk/FCN/CamVid/Labeled_idx/0016E5_08153_L.png.npy
/home/timosk/FCN/CamVid/701_StillsRaw_full/Seq05VD_f04410.png,/home/timosk/FCN/CamVid/Labeled_idx/Seq05VD_f04410_L.png.npy
/home/timosk/FCN/CamVid/701_StillsRaw_full/Seq05VD_f00810.png,/home/timosk/FCN/CamVid/Labeled_idx/Seq05VD_f00810_L.png.npy
/home/timosk/FCN/CamVid/701_StillsRaw_full/0016E5_08001.png,/home/timosk/FCN/CamVid/Labeled_idx/0016E5_08001_L.png.npy
/home/timosk/FCN/CamVid/701_StillsRaw_full/Seq05VD_f01470.png,/home/timosk/FCN/CamVid/Labeled_idx/Seq05VD_f01470_L.png.npy
/home/timosk/FCN/CamVid/701_StillsRaw_full/0001TP_007020.png,/home/timosk/FCN/CamVid/Labeled_idx/0001TP_007020_L.png.npy
/home/timosk/FCN/CamVid/701_StillsRaw_full/0001TP_009270.png,/home/timosk/FCN/CamVid/Labeled_idx/0001TP_009270_L.png.npy
/home/timosk/FCN/CamVid/701_StillsRaw_full/Seq05VD_f00420.png,/home/timosk/FCN/CamVid/Labeled_idx/Seq05VD_f00420_L.png.npy
/home/timosk/FCN/CamVid/701_StillsRaw_full/0016E5_06150.png,/home/timosk/FCN/CamVid/Labeled_idx/0016E5_06150_L.png.npy
/home/timosk/FCN/CamVid/701_StillsRaw_full/0006R0_f02580.png,/home/timosk/FCN/CamVid/Labeled_idx/0006R0_f02580_L.png.npy
/home/timosk/FCN/CamVid/701_StillsRaw_full/0016E5_07080.png,/home/timosk/FCN/CamVid/Labeled_idx/0016E5_07080_L.png.npy
/home/timosk/FCN/CamVid/701_StillsRaw_full/0016E5_08157.png,/home/timosk/FCN/CamVid/Labeled_idx/0016E5_08157_L.png.npy
/home/timosk/FCN/CamVid/701_StillsRaw_full/0001TP_010290.png,/home/timosk/FCN/CamVid/Labeled_idx/0001TP_010290_L.png.npy
/home/timosk/FCN/CamVid/701_StillsRaw_full/0006R0_f01920.png,/home/timosk/FCN/CamVid/Labeled_idx/0006R0_f01920_L.png.npy
/home/timosk/FCN/CamVid/701_StillsRaw_full/0016E5_04890.png,/home/timosk/FCN/CamVid/Labeled_idx/0016E5_04890_L.png.npy
/home/timosk/FCN/CamVid/701_StillsRaw_full/0016E5_02010.png,/home/timosk/FCN/CamVid/Labeled_idx/0016E5_02010_L.png.npy
/home/timosk/FCN/CamVid/701_StillsRaw_full/0016E5_08075.png,/home/timosk/FCN/CamVid/Labeled_idx/0016E5_08075_L.png.npy
/home/timosk/FCN/CamVid/701_StillsRaw_full/Seq05VD_f03540.png,/home/timosk/FCN/CamVid/Labeled_idx/Seq05VD_f03540_L.png.npy
/home/timosk/FCN/CamVid/701_StillsRaw_full/0001TP_007350.png,/home/timosk/FCN/CamVid/Labeled_idx/0001TP_007350_L.png.npy
/home/timosk/FCN/CamVid/701_StillsRaw_full/0016E5_08035.png,/home/timosk/FCN/CamVid/Labeled_idx/0016E5_08035_L.png.npy
/home/timosk/FCN/CamVid/701_StillsRaw_full/0016E5_00660.png,/home/timosk/FCN/CamVid/Labeled_idx/0016E5_00660_L.png.npy
/home/timosk/FCN/CamVid/701_StillsRaw_full/0006R0_f01020.png,/home/timosk/FCN/CamVid/Labeled_idx/0006R0_f01020_L.png.npy
/home/timosk/FCN/CamVid/701_StillsRaw_full/0001TP_006840.png,/home/timosk/FCN/CamVid/Labeled_idx/0001TP_006840_L.png.npy
/home/timosk/FCN/CamVid/701_StillsRaw_full/0016E5_01860.png,/home/timosk/FCN/CamVid/Labeled_idx/0016E5_01860_L.png.npy
/home/timosk/FCN/CamVid/701_StillsRaw_full/Seq05VD_f02430.png,/home/timosk/FCN/CamVid/Labeled_idx/Seq05VD_f02430_L.png.npy
/home/timosk/FCN/CamVid/701_StillsRaw_full/0016E5_05640.png,/home/timosk/FCN/CamVid/Labeled_idx/0016E5_05640_L.png.npy
/home/timosk/FCN/CamVid/701_StillsRaw_full/Seq05VD_f01920.png,/home/timosk/FCN/CamVid/Labeled_idx/Seq05VD_f01920_L.png.npy
/home/timosk/FCN/CamVid/701_StillsRaw_full/Seq05VD_f00180.png,/home/timosk/FCN/CamVid/Labeled_idx/Seq05VD_f00180_L.png.npy
/home/timosk/FCN/CamVid/701_StillsRaw_full/0016E5_08005.png,/home/timosk/FCN/CamVid/Labeled_idx/0016E5_08005_L.png.npy
/home/timosk/FCN/CamVid/701_StillsRaw_full/0006R0_f02010.png,/home/timosk/FCN/CamVid/Labeled_idx/0006R0_f02010_L.png.npy
/home/timosk/FCN/CamVid/701_StillsRaw_full/0001TP_009090.png,/home/timosk/FCN/CamVid/Labeled_idx/0001TP_009090_L.png.npy
/home/timosk/FCN/CamVid/701_StillsRaw_full/0006R0_f02220.png,/home/timosk/FCN/CamVid/Labeled_idx/0006R0_f02220_L.png.npy
/home/timosk/FCN/CamVid/701_StillsRaw_full/0006R0_f03810.png,/home/timosk/FCN/CamVid/Labeled_idx/0006R0_f03810_L.png.npy
/home/timosk/FCN/CamVid/701_StillsRaw_full/0016E5_08640.png,/home/timosk/FCN/CamVid/Labeled_idx/0016E5_08640_L.png.npy
/home/timosk/FCN/CamVid/701_StillsRaw_full/0006R0_f02970.png,/home/timosk/FCN/CamVid/Labeled_idx/0006R0_f02970_L.png.npy
/home/timosk/FCN/CamVid/701_StillsRaw_full/0016E5_01050.png,/home/timosk/FCN/CamVid/Labeled_idx/0016E5_01050_L.png.npy
/home/timosk/FCN/CamVid/701_StillsRaw_full/0016E5_04500.png,/home/timosk/FCN/CamVid/Labeled_idx/0016E5_04500_L.png.npy
/home/timosk/FCN/CamVid/701_StillsRaw_full/Seq05VD_f00990.png,/home/timosk/FCN/CamVid/Labeled_idx/Seq05VD_f00990_L.png.npy
/home/timosk/FCN/CamVid/701_StillsRaw_full/0001TP_009780.png,/home/timosk/FCN/CamVid/Labeled_idx/0001TP_009780_L.png.npy
/home/timosk/FCN/CamVid/701_StillsRaw_full/Seq05VD_f00270.png,/home/timosk/FCN/CamVid/Labeled_idx/Seq05VD_f00270_L.png.npy
/home/timosk/FCN/CamVid/701_StillsRaw_full/Seq05VD_f04500.png,/home/timosk/FCN/CamVid/Labeled_idx/Seq05VD_f04500_L.png.npy
/home/timosk/FCN/CamVid/701_StillsRaw_full/0016E5_08039.png,/home/timosk/FCN/CamVid/Labeled_idx/0016E5_08039_L.png.npy
/home/timosk/FCN/CamVid/701_StillsRaw_full/Seq05VD_f04380.png,/home/timosk/FCN/CamVid/Labeled_idx/Seq05VD_f04380_L.png.npy
/home/timosk/FCN/CamVid/701_StillsRaw_full/0016E5_08125.png,/home/timosk/FCN/CamVid/Labeled_idx/0016E5_08125_L.png.npy
/home/timosk/FCN/CamVid/701_StillsRaw_full/0016E5_08009.png,/home/timosk/FCN/CamVid/Labeled_idx/0016E5_08009_L.png.npy
/home/timosk/FCN/CamVid/701_StillsRaw_full/0001TP_008850.png,/home/timosk/FCN/CamVid/Labeled_idx/0001TP_008850_L.png.npy
/home/timosk/FCN/CamVid/701_StillsRaw_full/0016E5_08135.png,/home/timosk/FCN/CamVid/Labeled_idx/0016E5_08135_L.png.npy
/home/timosk/FCN/CamVid/701_StillsRaw_full/0001TP_007230.png,/home/timosk/FCN/CamVid/Labeled_idx/0001TP_007230_L.png.npy
/home/timosk/FCN/CamVid/701_StillsRaw_full/0001TP_009900.png,/home/timosk/FCN/CamVid/Labeled_idx/0001TP_009900_L.png.npy
/home/timosk/FCN/CamVid/701_StillsRaw_full/0001TP_007770.png,/home/timosk/FCN/CamVid/Labeled_idx/0001TP_007770_L.png.npy
/home/timosk/FCN/CamVid/701_StillsRaw_full/0001TP_007860.png,/home/timosk/FCN/CamVid/Labeled_idx/0001TP_007860_L.png.npy
/home/timosk/FCN/CamVid/701_StillsRaw_full/0006R0_f02190.png,/home/timosk/FCN/CamVid/Labeled_idx/0006R0_f02190_L.png.npy
/home/timosk/FCN/CamVid/701_StillsRaw_full/0006R0_f00990.png,/home/timosk/FCN/CamVid/Labeled_idx/0006R0_f00990_L.png.npy
/home/timosk/FCN/CamVid/701_StillsRaw_full/0016E5_08103.png,/home/timosk/FCN/CamVid/Labeled_idx/0016E5_08103_L.png.npy
/home/timosk/FCN/CamVid/701_StillsRaw_full/0001TP_006780.png,/home/timosk/FCN/CamVid/Labeled_idx/0001TP_006780_L.png.npy
/home/timosk/FCN/CamVid/701_StillsRaw_full/0016E5_00840.png,/home/timosk/FCN/CamVid/Labeled_idx/0016E5_00840_L.png.npy
/home/timosk/FCN/CamVid/701_StillsRaw_full/Seq05VD_f00030.png,/home/timosk/FCN/CamVid/Labeled_idx/Seq05VD_f00030_L.png.npy
/home/timosk/FCN/CamVid/701_StillsRaw_full/Seq05VD_f01800.png,/home/timosk/FCN/CamVid/Labeled_idx/Seq05VD_f01800_L.png.npy
/home/timosk/FCN/CamVid/701_StillsRaw_full/0006R0_f03660.png,/home/timosk/FCN/CamVid/Labeled_idx/0006R0_f03660_L.png.npy
/home/timosk/FCN/CamVid/701_StillsRaw_full/Seq05VD_f04620.png,/home/timosk/FCN/CamVid/Labeled_idx/Seq05VD_f04620_L.png.npy
/home/timosk/FCN/CamVid/701_StillsRaw_full/0001TP_009060.png,/home/timosk/FCN/CamVid/Labeled_idx/0001TP_009060_L.png.npy
/home/timosk/FCN/CamVid/701_StillsRaw_full/0016E5_00570.png,/home/timosk/FCN/CamVid/Labeled_idx/0016E5_00570_L.png.npy
/home/timosk/FCN/CamVid/701_StillsRaw_full/0001TP_010170.png,/home/timosk/FCN/CamVid/Labeled_idx/0001TP_010170_L.png.npy
/home/timosk/FCN/CamVid/701_StillsRaw_full/0001TP_007080.png,/home/timosk/FCN/CamVid/Labeled_idx/0001TP_007080_L.png.npy
/home/timosk/FCN/CamVid/701_StillsRaw_full/0016E5_06090.png,/home/timosk/FCN/CamVid/Labeled_idx/0016E5_06090_L.png.npy
/home/timosk/FCN/CamVid/701_StillsRaw_full/0006R0_f01770.png,/home/timosk/FCN/CamVid/Labeled_idx/0006R0_f01770_L.png.npy
/home/timosk/FCN/CamVid/701_StillsRaw_full/0001TP_008820.png,/home/timosk/FCN/CamVid/Labeled_idx/0001TP_008820_L.png.npy
/home/timosk/FCN/CamVid/701_StillsRaw_full/0006R0_f03210.png,/home/timosk/FCN/CamVid/Labeled_idx/0006R0_f03210_L.png.npy
/home/timosk/FCN/CamVid/701_StillsRaw_full/0016E5_08029.png,/home/timosk/FCN/CamVid/Labeled_idx/0016E5_08029_L.png.npy
/home/timosk/FCN/CamVid/701_StillsRaw_full/0001TP_009540.png,/home/timosk/FCN/CamVid/Labeled_idx/0001TP_009540_L.png.npy
/home/timosk/FCN/CamVid/701_StillsRaw_full/0006R0_f01110.png,/home/timosk/FCN/CamVid/Labeled_idx/0006R0_f01110_L.png.npy
/home/timosk/FCN/CamVid/701_StillsRaw_full/0001TP_009150.png,/home/timosk/FCN/CamVid/Labeled_idx/0001TP_009150_L.png.npy
/home/timosk/FCN/CamVid/701_StillsRaw_full/Seq05VD_f03030.png,/home/timosk/FCN/CamVid/Labeled_idx/Seq05VD_f03030_L.png.npy
/home/timosk/FCN/CamVid/701_StillsRaw_full/Seq05VD_f01440.png,/home/timosk/FCN/CamVid/Labeled_idx/Seq05VD_f01440_L.png.npy
/home/timosk/FCN/CamVid/701_StillsRaw_full/0016E5_04860.png,/home/timosk/FCN/CamVid/Labeled_idx/0016E5_04860_L.png.npy
/home/timosk/FCN/CamVid/701_StillsRaw_full/0001TP_009630.png,/home/timosk/FCN/CamVid/Labeled_idx/0001TP_009630_L.png.npy
/home/timosk/FCN/CamVid/701_StillsRaw_full/0006R0_f02340.png,/home/timosk/FCN/CamVid/Labeled_idx/0006R0_f02340_L.png.npy
/home/timosk/FCN/CamVid/701_StillsRaw_full/0016E5_05430.png,/home/timosk/FCN/CamVid/Labeled_idx/0016E5_05430_L.png.npy
/home/timosk/FCN/CamVid/701_StillsRaw_full/0001TP_007680.png,/home/timosk/FCN/CamVid/Labeled_idx/0001TP_007680_L.png.npy
/home/timosk/FCN/CamVid/701_StillsRaw_full/0006R0_f02070.png,/home/timosk/FCN/CamVid/Labeled_idx/0006R0_f02070_L.png.npy
/home/timosk/FCN/CamVid/701_StillsRaw_full/0016E5_06630.png,/home/timosk/FCN/CamVid/Labeled_idx/0016E5_06630_L.png.npy
/home/timosk/FCN/CamVid/701_StillsRaw_full/Seq05VD_f04890.png,/home/timosk/FCN/CamVid/Labeled_idx/Seq05VD_f04890_L.png.npy
/home/timosk/FCN/CamVid/701_StillsRaw_full/0016E5_04710.png,/home/timosk/FCN/CamVid/Labeled_idx/0016E5_04710_L.png.npy
/home/timosk/FCN/CamVid/701_StillsRaw_full/0016E5_05070.png,/home/timosk/FCN/CamVid/Labeled_idx/0016E5_05070_L.png.npy
/home/timosk/FCN/CamVid/701_StillsRaw_full/0016E5_04350.png,/home/timosk/FCN/CamVid/Labeled_idx/0016E5_04350_L.png.npy
/home/timosk/FCN/CamVid/701_StillsRaw_full/Seq05VD_f02190.png,/home/timosk/FCN/CamVid/Labeled_idx/Seq05VD_f02190_L.png.npy
/home/timosk/FCN/CamVid/701_StillsRaw_full/0016E5_00450.png,/home/timosk/FCN/CamVid/Labeled_idx/0016E5_00450_L.png.npy
/home/timosk/FCN/CamVid/701_StillsRaw_full/0001TP_010230.png,/home/timosk/FCN/CamVid/Labeled_idx/0001TP_010230_L.png.npy
/home/timosk/FCN/CamVid/701_StillsRaw_full/0016E5_05190.png,/home/timosk/FCN/CamVid/Labeled_idx/0016E5_05190_L.png.npy
/home/timosk/FCN/CamVid/701_StillsRaw_full/0001TP_007560.png,/home/timosk/FCN/CamVid/Labeled_idx/0001TP_007560_L.png.npy
/home/timosk/FCN/CamVid/701_StillsRaw_full/Seq05VD_f03060.png,/home/timosk/FCN/CamVid/Labeled_idx/Seq05VD_f03060_L.png.npy
/home/timosk/FCN/CamVid/701_StillsRaw_full/0016E5_07979.png,/home/timosk/FCN/CamVid/Labeled_idx/0016E5_07979_L.png.npy
/home/timosk/FCN/CamVid/701_StillsRaw_full/0001TP_007890.png,/home/timosk/FCN/CamVid/Labeled_idx/0001TP_007890_L.png.npy
/home/timosk/FCN/CamVid/701_StillsRaw_full/Seq05VD_f04470.png,/home/timosk/FCN/CamVid/Labeled_idx/Seq05VD_f04470_L.png.npy
/home/timosk/FCN/CamVid/701_StillsRaw_full/0016E5_07440.png,/home/timosk/FCN/CamVid/Labeled_idx/0016E5_07440_L.png.npy
/home/timosk/FCN/CamVid/701_StillsRaw_full/0001TP_007620.png,/home/timosk/FCN/CamVid/Labeled_idx/0001TP_007620_L.png.npy
/home/timosk/FCN/CamVid/701_StillsRaw_full/0016E5_01680.png,/home/timosk/FCN/CamVid/Labeled_idx/0016E5_01680_L.png.npy
/home/timosk/FCN/CamVid/701_StillsRaw_full/0001TP_008580.png,/home/timosk/FCN/CamVid/Labeled_idx/0001TP_008580_L.png.npy
/home/timosk/FCN/CamVid/701_StillsRaw_full/Seq05VD_f02250.png,/home/timosk/FCN/CamVid/Labeled_idx/Seq05VD_f02250_L.png.npy
/home/timosk/FCN/CamVid/701_StillsRaw_full/Seq05VD_f00360.png,/home/timosk/FCN/CamVid/Labeled_idx/Seq05VD_f00360_L.png.npy
/home/timosk/FCN/CamVid/701_StillsRaw_full/Seq05VD_f01770.png,/home/timosk/FCN/CamVid/Labeled_idx/Seq05VD_f01770_L.png.npy
/home/timosk/FCN/CamVid/701_StillsRaw_full/0016E5_01080.png,/home/timosk/FCN/CamVid/Labeled_idx/0016E5_01080_L.png.npy
/home/timosk/FCN/CamVid/701_StillsRaw_full/0016E5_08117.png,/home/timosk/FCN/CamVid/Labeled_idx/0016E5_08117_L.png.npy
/home/timosk/FCN/CamVid/701_StillsRaw_full/0016E5_07983.png,/home/timosk/FCN/CamVid/Labeled_idx/0016E5_07983_L.png.npy
/home/timosk/FCN/CamVid/701_StillsRaw_full/0001TP_008490.png,/home/timosk/FCN/CamVid/Labeled_idx/0001TP_008490_L.png.npy
/home/timosk/FCN/CamVid/701_StillsRaw_full/Seq05VD_f00960.png,/home/timosk/FCN/CamVid/Labeled_idx/Seq05VD_f00960_L.png.npy
/home/timosk/FCN/CamVid/701_StillsRaw_full/0016E5_07963.png,/home/timosk/FCN/CamVid/Labeled_idx/0016E5_07963_L.png.npy
/home/timosk/FCN/CamVid/701_StillsRaw_full/0006R0_f03030.png,/home/timosk/FCN/CamVid/Labeled_idx/0006R0_f03030_L.png.npy
/home/timosk/FCN/CamVid/701_StillsRaw_full/0016E5_08580.png,/home/timosk/FCN/CamVid/Labeled_idx/0016E5_08580_L.png.npy
/home/timosk/FCN/CamVid/701_StillsRaw_full/0006R0_f02490.png,/home/timosk/FCN/CamVid/Labeled_idx/0006R0_f02490_L.png.npy
/home/timosk/FCN/CamVid/701_StillsRaw_full/0006R0_f02520.png,/home/timosk/FCN/CamVid/Labeled_idx/0006R0_f02520_L.png.npy
/home/timosk/FCN/CamVid/701_StillsRaw_full/0016E5_08280.png,/home/timosk/FCN/CamVid/Labeled_idx/0016E5_08280_L.png.npy
/home/timosk/FCN/CamVid/701_StillsRaw_full/Seq05VD_f04170.png,/home/timosk/FCN/CamVid/Labeled_idx/Seq05VD_f04170_L.png.npy
/home/timosk/FCN/CamVid/701_StillsRaw_full/0016E5_02250.png,/home/timosk/FCN/CamVid/Labeled_idx/0016E5_02250_L.png.npy
/home/timosk/FCN/CamVid/701_StillsRaw_full/Seq05VD_f01650.png,/home/timosk/FCN/CamVid/Labeled_idx/Seq05VD_f01650_L.png.npy
/home/timosk/FCN/CamVid/701_StillsRaw_full/Seq05VD_f04680.png,/home/timosk/FCN/CamVid/Labeled_idx/Seq05VD_f04680_L.png.npy
/home/timosk/FCN/CamVid/701_StillsRaw_full/0001TP_009810.png,/home/timosk/FCN/CamVid/Labeled_idx/0001TP_009810_L.png.npy
/home/timosk/FCN/CamVid/701_StillsRaw_full/0016E5_07971.png,/home/timosk/FCN/CamVid/Labeled_idx/0016E5_07971_L.png.npy
/home/timosk/FCN/CamVid/701_StillsRaw_full/0006R0_f02700.png,/home/timosk/FCN/CamVid/Labeled_idx/0006R0_f02700_L.png.npy
/home/timosk/FCN/CamVid/701_StillsRaw_full/0016E5_02160.png,/home/timosk/FCN/CamVid/Labeled_idx/0016E5_02160_L.png.npy
/home/timosk/FCN/CamVid/701_StillsRaw_full/0016E5_08520.png,/home/timosk/FCN/CamVid/Labeled_idx/0016E5_08520_L.png.npy
/home/timosk/FCN/CamVid/701_StillsRaw_full/0016E5_08127.png,/home/timosk/FCN/CamVid/Labeled_idx/0016E5_08127_L.png.npy
/home/timosk/FCN/CamVid/701_StillsRaw_full/0001TP_010050.png,/home/timosk/FCN/CamVid/Labeled_idx/0001TP_010050_L.png.npy
/home/timosk/FCN/CamVid/701_StillsRaw_full/0016E5_00720.png,/home/timosk/FCN/CamVid/Labeled_idx/0016E5_00720_L.png.npy
/home/timosk/FCN/CamVid/701_StillsRaw_full/0001TP_007200.png,/home/timosk/FCN/CamVid/Labeled_idx/0001TP_007200_L.png.npy
/home/timosk/FCN/CamVid/701_StillsRaw_full/0001TP_010140.png,/home/timosk/FCN/CamVid/Labeled_idx/0001TP_010140_L.png.npy
/home/timosk/FCN/CamVid/701_StillsRaw_full/Seq05VD_f03810.png,/home/timosk/FCN/CamVid/Labeled_idx/Seq05VD_f03810_L.png.npy
/home/timosk/FCN/CamVid/701_StillsRaw_full/0001TP_007950.png,/home/timosk/FCN/CamVid/Labeled_idx/0001TP_007950_L.png.npy
/home/timosk/FCN/CamVid/701_StillsRaw_full/0001TP_009480.png,/home/timosk/FCN/CamVid/Labeled_idx/0001TP_009480_L.png.npy
/home/timosk/FCN/CamVid/701_StillsRaw_full/0006R0_f02460.png,/home/timosk/FCN/CamVid/Labeled_idx/0006R0_f02460_L.png.npy
/home/timosk/FCN/CamVid/701_StillsRaw_full/0001TP_007740.png,/home/timosk/FCN/CamVid/Labeled_idx/0001TP_007740_L.png.npy
/home/timosk/FCN/CamVid/701_StillsRaw_full/0016E5_08107.png,/home/timosk/FCN/CamVid/Labeled_idx/0016E5_08107_L.png.npy
/home/timosk/FCN/CamVid/701_StillsRaw_full/Seq05VD_f02010.png,/home/timosk/FCN/CamVid/Labeled_idx/Seq05VD_f02010_L.png.npy
/home/timosk/FCN/CamVid/701_StillsRaw_full/Seq05VD_f03660.png,/home/timosk/FCN/CamVid/Labeled_idx/Seq05VD_f03660_L.png.npy
/home/timosk/FCN/CamVid/701_StillsRaw_full/0016E5_01890.png,/home/timosk/FCN/CamVid/Labeled_idx/0016E5_01890_L.png.npy
/home/timosk/FCN/CamVid/701_StillsRaw_full/0016E5_08037.png,/home/timosk/FCN/CamVid/Labeled_idx/0016E5_08037_L.png.npy
/home/timosk/FCN/CamVid/701_StillsRaw_full/0016E5_08027.png,/home/timosk/FCN/CamVid/Labeled_idx/0016E5_08027_L.png.npy
/home/timosk/FCN/CamVid/701_StillsRaw_full/Seq05VD_f03480.png,/home/timosk/FCN/CamVid/Labeled_idx/Seq05VD_f03480_L.png.npy
/home/timosk/FCN/CamVid/701_StillsRaw_full/0016E5_04410.png,/home/timosk/FCN/CamVid/Labeled_idx/0016E5_04410_L.png.npy
/home/timosk/FCN/CamVid/701_StillsRaw_full/0016E5_01260.png,/home/timosk/FCN/CamVid/Labeled_idx/0016E5_01260_L.png.npy
/home/timosk/FCN/CamVid/701_StillsRaw_full/0016E5_07110.png,/home/timosk/FCN/CamVid/Labeled_idx/0016E5_07110_L.png.npy
/home/timosk/FCN/CamVid/701_StillsRaw_full/0016E5_07650.png,/home/timosk/FCN/CamVid/Labeled_idx/0016E5_07650_L.png.npy
/home/timosk/FCN/CamVid/701_StillsRaw_full/0016E5_08077.png,/home/timosk/FCN/CamVid/Labeled_idx/0016E5_08077_L.png.npy
/home/timosk/FCN/CamVid/701_StillsRaw_full/0016E5_06960.png,/home/timosk/FCN/CamVid/Labeled_idx/0016E5_06960_L.png.npy
/home/timosk/FCN/CamVid/701_StillsRaw_full/0001TP_008700.png,/home/timosk/FCN/CamVid/Labeled_idx/0001TP_008700_L.png.npy
/home/timosk/FCN/CamVid/701_StillsRaw_full/Seq05VD_f03600.png,/home/timosk/FCN/CamVid/Labeled_idx/Seq05VD_f03600_L.png.npy
/home/timosk/FCN/CamVid/701_StillsRaw_full/0001TP_006990.png,/home/timosk/FCN/CamVid/Labeled_idx/0001TP_006990_L.png.npy
/home/timosk/FCN/CamVid/701_StillsRaw_full/Seq05VD_f01200.png,/home/timosk/FCN/CamVid/Labeled_idx/Seq05VD_f01200_L.png.npy
/home/timosk/FCN/CamVid/701_StillsRaw_full/0006R0_f01500.png,/home/timosk/FCN/CamVid/Labeled_idx/0006R0_f01500_L.png.npy
/home/timosk/FCN/CamVid/701_StillsRaw_full/Seq05VD_f01410.png,/home/timosk/FCN/CamVid/Labeled_idx/Seq05VD_f01410_L.png.npy
/home/timosk/FCN/CamVid/701_StillsRaw_full/0006R0_f03390.png,/home/timosk/FCN/CamVid/Labeled_idx/0006R0_f03390_L.png.npy
/home/timosk/FCN/CamVid/701_StillsRaw_full/0001TP_006690.png,/home/timosk/FCN/CamVid/Labeled_idx/0001TP_006690_L.png.npy
/home/timosk/FCN/CamVid/701_StillsRaw_full/Seq05VD_f02880.png,/home/timosk/FCN/CamVid/Labeled_idx/Seq05VD_f02880_L.png.npy
/home/timosk/FCN/CamVid/701_StillsRaw_full/0001TP_007470.png,/home/timosk/FCN/CamVid/Labeled_idx/0001TP_007470_L.png.npy
/home/timosk/FCN/CamVid/701_StillsRaw_full/0016E5_07590.png,/home/timosk/FCN/CamVid/Labeled_idx/0016E5_07590_L.png.npy
/home/timosk/FCN/CamVid/701_StillsRaw_full/0016E5_05700.png,/home/timosk/FCN/CamVid/Labeled_idx/0016E5_05700_L.png.npy
/home/timosk/FCN/CamVid/701_StillsRaw_full/Seq05VD_f05100.png,/home/timosk/FCN/CamVid/Labeled_idx/Seq05VD_f05100_L.png.npy
/home/timosk/FCN/CamVid/701_StillsRaw_full/0016E5_01200.png,/home/timosk/FCN/CamVid/Labeled_idx/0016E5_01200_L.png.npy
/home/timosk/FCN/CamVid/701_StillsRaw_full/Seq05VD_f02550.png,/home/timosk/FCN/CamVid/Labeled_idx/Seq05VD_f02550_L.png.npy
/home/timosk/FCN/CamVid/701_StillsRaw_full/0016E5_05550.png,/home/timosk/FCN/CamVid/Labeled_idx/0016E5_05550_L.png.npy
/home/timosk/FCN/CamVid/701_StillsRaw_full/0001TP_009720.png,/home/timosk/FCN/CamVid/Labeled_idx/0001TP_009720_L.png.npy
/home/timosk/FCN/CamVid/701_StillsRaw_full/0016E5_08370.png,/home/timosk/FCN/CamVid/Labeled_idx/0016E5_08370_L.png.npy
/home/timosk/FCN/CamVid/701_StillsRaw_full/Seq05VD_f02820.png,/home/timosk/FCN/CamVid/Labeled_idx/Seq05VD_f02820_L.png.npy
/home/timosk/FCN/CamVid/701_StillsRaw_full/0001TP_009750.png,/home/timosk/FCN/CamVid/Labeled_idx/0001TP_009750_L.png.npy
/home/timosk/FCN/CamVid/701_StillsRaw_full/0006R0_f01410.png,/home/timosk/FCN/CamVid/Labeled_idx/0006R0_f01410_L.png.npy
/home/timosk/FCN/CamVid/701_StillsRaw_full/Seq05VD_f02730.png,/home/timosk/FCN/CamVid/Labeled_idx/Seq05VD_f02730_L.png.npy
/home/timosk/FCN/CamVid/701_StillsRaw_full/Seq05VD_f00780.png,/home/timosk/FCN/CamVid/Labeled_idx/Seq05VD_f00780_L.png.npy
/home/timosk/FCN/CamVid/701_StillsRaw_full/0016E5_06120.png,/home/timosk/FCN/CamVid/Labeled_idx/0016E5_06120_L.png.npy
/home/timosk/FCN/CamVid/701_StillsRaw_full/0016E5_07500.png,/home/timosk/FCN/CamVid/Labeled_idx/0016E5_07500_L.png.npy
/home/timosk/FCN/CamVid/701_StillsRaw_full/0016E5_05490.png,/home/timosk/FCN/CamVid/Labeled_idx/0016E5_05490_L.png.npy
/home/timosk/FCN/CamVid/701_StillsRaw_full/0001TP_008160.png,/home/timosk/FCN/CamVid/Labeled_idx/0001TP_008160_L.png.npy
/home/timosk/FCN/CamVid/701_StillsRaw_full/0006R0_f02040.png,/home/timosk/FCN/CamVid/Labeled_idx/0006R0_f02040_L.png.npy
/home/timosk/FCN/CamVid/701_StillsRaw_full/0016E5_08250.png,/home/timosk/FCN/CamVid/Labeled_idx/0016E5_08250_L.png.npy
/home/timosk/FCN/CamVid/701_StillsRaw_full/0016E5_07710.png,/home/timosk/FCN/CamVid/Labeled_idx/0016E5_07710_L.png.npy
/home/timosk/FCN/CamVid/701_StillsRaw_full/0016E5_06360.png,/home/timosk/FCN/CamVid/Labeled_idx/0016E5_06360_L.png.npy
/home/timosk/FCN/CamVid/701_StillsRaw_full/0016E5_02400.png,/home/timosk/FCN/CamVid/Labeled_idx/0016E5_02400_L.png.npy
/home/timosk/FCN/CamVid/701_StillsRaw_full/0001TP_007380.png,/home/timosk/FCN/CamVid/Labeled_idx/0001TP_007380_L.png.npy
/home/timosk/FCN/CamVid/701_StillsRaw_full/0016E5_00960.png,/home/timosk/FCN/CamVid/Labeled_idx/0016E5_00960_L.png.npy
/home/timosk/FCN/CamVid/701_StillsRaw_full/0016E5_05280.png,/home/timosk/FCN/CamVid/Labeled_idx/0016E5_05280_L.png.npy
/home/timosk/FCN/CamVid/701_StillsRaw_full/Seq05VD_f02220.png,/home/timosk/FCN/CamVid/Labeled_idx/Seq05VD_f02220_L.png.npy
/home/timosk/FCN/CamVid/701_StillsRaw_full/0016E5_02220.png,/home/timosk/FCN/CamVid/Labeled_idx/0016E5_02220_L.png.npy
/home/timosk/FCN/CamVid/701_StillsRaw_full/0001TP_008370.png,/home/timosk/FCN/CamVid/Labeled_idx/0001TP_008370_L.png.npy
/home/timosk/FCN/CamVid/701_StillsRaw_full/Seq05VD_f02400.png,/home/timosk/FCN/CamVid/Labeled_idx/Seq05VD_f02400_L.png.npy
/home/timosk/FCN/CamVid/701_StillsRaw_full/0016E5_01770.png,/home/timosk/FCN/CamVid/Labeled_idx/0016E5_01770_L.png.npy
/home/timosk/FCN/CamVid/701_StillsRaw_full/0001TP_009420.png,/home/timosk/FCN/CamVid/Labeled_idx/0001TP_009420_L.png.npy
/home/timosk/FCN/CamVid/701_StillsRaw_full/0001TP_008130.png,/home/timosk/FCN/CamVid/Labeled_idx/0001TP_008130_L.png.npy
/home/timosk/FCN/CamVid/701_StillsRaw_full/0001TP_008940.png,/home/timosk/FCN/CamVid/Labeled_idx/0001TP_008940_L.png.npy
/home/timosk/FCN/CamVid/701_StillsRaw_full/0001TP_007710.png,/home/timosk/FCN/CamVid/Labeled_idx/0001TP_007710_L.png.npy
/home/timosk/FCN/CamVid/701_StillsRaw_full/0016E5_08149.png,/home/timosk/FCN/CamVid/Labeled_idx/0016E5_08149_L.png.npy
/home/timosk/FCN/CamVid/701_StillsRaw_full/Seq05VD_f00120.png,/home/timosk/FCN/CamVid/Labeled_idx/Seq05VD_f00120_L.png.npy
/home/timosk/FCN/CamVid/701_StillsRaw_full/0016E5_07991.png,/home/timosk/FCN/CamVid/Labeled_idx/0016E5_07991_L.png.npy
/home/timosk/FCN/CamVid/701_StillsRaw_full/0016E5_02370.png,/home/timosk/FCN/CamVid/Labeled_idx/0016E5_02370_L.png.npy
/home/timosk/FCN/CamVid/701_StillsRaw_full/0016E5_04560.png,/home/timosk/FCN/CamVid/Labeled_idx/0016E5_04560_L.png.npy
/home/timosk/FCN/CamVid/701_StillsRaw_full/0016E5_07680.png,/home/timosk/FCN/CamVid/Labeled_idx/0016E5_07680_L.png.npy
/home/timosk/FCN/CamVid/701_StillsRaw_full/Seq05VD_f01320.png,/home/timosk/FCN/CamVid/Labeled_idx/Seq05VD_f01320_L.png.npy
/home/timosk/FCN/CamVid/701_StillsRaw_full/0016E5_07993.png,/home/timosk/FCN/CamVid/Labeled_idx/0016E5_07993_L.png.npy
/home/timosk/FCN/CamVid/701_StillsRaw_full/Seq05VD_f01950.png,/home/timosk/FCN/CamVid/Labeled_idx/Seq05VD_f01950_L.png.npy
/home/timosk/FCN/CamVid/701_StillsRaw_full/0016E5_07620.png,/home/timosk/FCN/CamVid/Labeled_idx/0016E5_07620_L.png.npy
/home/timosk/FCN/CamVid/701_StillsRaw_full/0016E5_08091.png,/home/timosk/FCN/CamVid/Labeled_idx/0016E5_08091_L.png.npy
/home/timosk/FCN/CamVid/701_StillsRaw_full/Seq05VD_f02130.png,/home/timosk/FCN/CamVid/Labeled_idx/Seq05VD_f02130_L.png.npy
/home/timosk/FCN/CamVid/701_StillsRaw_full/0016E5_07830.png,/home/timosk/FCN/CamVid/Labeled_idx/0016E5_07830_L.png.npy
/home/timosk/FCN/CamVid/701_StillsRaw_full/0016E5_07997.png,/home/timosk/FCN/CamVid/Labeled_idx/0016E5_07997_L.png.npy
/home/timosk/FCN/CamVid/701_StillsRaw_full/Seq05VD_f03630.png,/home/timosk/FCN/CamVid/Labeled_idx/Seq05VD_f03630_L.png.npy
/home/timosk/FCN/CamVid/701_StillsRaw_full/Seq05VD_f01380.png,/home/timosk/FCN/CamVid/Labeled_idx/Seq05VD_f01380_L.png.npy
/home/timosk/FCN/CamVid/701_StillsRaw_full/Seq05VD_f04110.png,/home/timosk/FCN/CamVid/Labeled_idx/Seq05VD_f04110_L.png.npy
/home/timosk/FCN/CamVid/701_StillsRaw_full/Seq05VD_f02610.png,/home/timosk/FCN/CamVid/Labeled_idx/Seq05VD_f02610_L.png.npy
/home/timosk/FCN/CamVid/701_StillsRaw_full/0016E5_04650.png,/home/timosk/FCN/CamVid/Labeled_idx/0016E5_04650_L.png.npy
/home/timosk/FCN/CamVid/701_StillsRaw_full/Seq05VD_f03420.png,/home/timosk/FCN/CamVid/Labeled_idx/Seq05VD_f03420_L.png.npy
/home/timosk/FCN/CamVid/701_StillsRaw_full/0016E5_08003.png,/home/timosk/FCN/CamVid/Labeled_idx/0016E5_08003_L.png.npy
/home/timosk/FCN/CamVid/701_StillsRaw_full/0016E5_00810.png,/home/timosk/FCN/CamVid/Labeled_idx/0016E5_00810_L.png.npy
/home/timosk/FCN/CamVid/701_StillsRaw_full/Seq05VD_f00300.png,/home/timosk/FCN/CamVid/Labeled_idx/Seq05VD_f00300_L.png.npy
/home/timosk/FCN/CamVid/701_StillsRaw_full/0001TP_009120.png,/home/timosk/FCN/CamVid/Labeled_idx/0001TP_009120_L.png.npy
/home/timosk/FCN/CamVid/701_StillsRaw_full/0016E5_08011.png,/home/timosk/FCN/CamVid/Labeled_idx/0016E5_08011_L.png.npy
/home/timosk/FCN/CamVid/701_StillsRaw_full/0016E5_08097.png,/home/timosk/FCN/CamVid/Labeled_idx/0016E5_08097_L.png.npy
/home/timosk/FCN/CamVid/701_StillsRaw_full/0001TP_006720.png,/home/timosk/FCN/CamVid/Labeled_idx/0001TP_006720_L.png.npy
/home/timosk/FCN/CamVid/701_StillsRaw_full/0006R0_f01440.png,/home/timosk/FCN/CamVid/Labeled_idx/0006R0_f01440_L.png.npy
/home/timosk/FCN/CamVid/701_StillsRaw_full/0016E5_08073.png,/home/timosk/FCN/CamVid/Labeled_idx/0016E5_08073_L.png.npy
/home/timosk/FCN/CamVid/701_StillsRaw_full/0016E5_07999.png,/home/timosk/FCN/CamVid/Labeled_idx/0016E5_07999_L.png.npy
/home/timosk/FCN/CamVid/701_StillsRaw_full/0016E5_00540.png,/home/timosk/FCN/CamVid/Labeled_idx/0016E5_00540_L.png.npy
/home/timosk/FCN/CamVid/701_StillsRaw_full/Seq05VD_f01110.png,/home/timosk/FCN/CamVid/Labeled_idx/Seq05VD_f01110_L.png.npy
/home/timosk/FCN/CamVid/701_StillsRaw_full/0016E5_05220.png,/home/timosk/FCN/CamVid/Labeled_idx/0016E5_05220_L.png.npy
/home/timosk/FCN/CamVid/701_StillsRaw_full/0016E5_08610.png,/home/timosk/FCN/CamVid/Labeled_idx/0016E5_08610_L.png.npy
/home/timosk/FCN/CamVid/701_StillsRaw_full/0006R0_f03720.png,/home/timosk/FCN/CamVid/Labeled_idx/0006R0_f03720_L.png.npy
/home/timosk/FCN/CamVid/701_StillsRaw_full/0006R0_f03780.png,/home/timosk/FCN/CamVid/Labeled_idx/0006R0_f03780_L.png.npy
/home/timosk/FCN/CamVid/701_StillsRaw_full/0016E5_06180.png,/home/timosk/FCN/CamVid/Labeled_idx/0016E5_06180_L.png.npy
/home/timosk/FCN/CamVid/701_StillsRaw_full/0016E5_05580.png,/home/timosk/FCN/CamVid/Labeled_idx/0016E5_05580_L.png.npy
/home/timosk/FCN/CamVid/701_StillsRaw_full/0016E5_05850.png,/home/timosk/FCN/CamVid/Labeled_idx/0016E5_05850_L.png.npy
/home/timosk/FCN/CamVid/701_StillsRaw_full/0001TP_007830.png,/home/timosk/FCN/CamVid/Labeled_idx/0001TP_007830_L.png.npy
/home/timosk/FCN/CamVid/701_StillsRaw_full/Seq05VD_f03240.png,/home/timosk/FCN/CamVid/Labeled_idx/Seq05VD_f03240_L.png.npy
/home/timosk/FCN/CamVid/701_StillsRaw_full/Seq05VD_f01560.png,/home/timosk/FCN/CamVid/Labeled_idx/Seq05VD_f01560_L.png.npy
/home/timosk/FCN/CamVid/701_StillsRaw_full/0006R0_f02550.png,/home/timosk/FCN/CamVid/Labeled_idx/0006R0_f02550_L.png.npy
/home/timosk/FCN/CamVid/701_StillsRaw_full/0016E5_06420.png,/home/timosk/FCN/CamVid/Labeled_idx/0016E5_06420_L.png.npy
/home/timosk/FCN/CamVid/701_StillsRaw_full/Seq05VD_f02580.png,/home/timosk/FCN/CamVid/Labeled_idx/Seq05VD_f02580_L.png.npy
/home/timosk/FCN/CamVid/701_StillsRaw_full/Seq05VD_f03750.png,/home/timosk/FCN/CamVid/Labeled_idx/Seq05VD_f03750_L.png.npy
/home/timosk/FCN/CamVid/701_StillsRaw_full/0001TP_009000.png,/home/timosk/FCN/CamVid/Labeled_idx/0001TP_009000_L.png.npy
/home/timosk/FCN/CamVid/701_StillsRaw_full/0016E5_07320.png,/home/timosk/FCN/CamVid/Labeled_idx/0016E5_07320_L.png.npy
/home/timosk/FCN/CamVid/701_StillsRaw_full/0016E5_06750.png,/home/timosk/FCN/CamVid/Labeled_idx/0016E5_06750_L.png.npy
/home/timosk/FCN/CamVid/701_StillsRaw_full/0016E5_07995.png,/home/timosk/FCN/CamVid/Labeled_idx/0016E5_07995_L.png.npy
/home/timosk/FCN/CamVid/701_StillsRaw_full/0016E5_01230.png,/home/timosk/FCN/CamVid/Labeled_idx/0016E5_01230_L.png.npy
/home/timosk/FCN/CamVid/701_StillsRaw_full/0006R0_f03360.png,/home/timosk/FCN/CamVid/Labeled_idx/0006R0_f03360_L.png.npy
/home/timosk/FCN/CamVid/701_StillsRaw_full/0016E5_01320.png,/home/timosk/FCN/CamVid/Labeled_idx/0016E5_01320_L.png.npy
/home/timosk/FCN/CamVid/701_StillsRaw_full/Seq05VD_f02760.png,/home/timosk/FCN/CamVid/Labeled_idx/Seq05VD_f02760_L.png.npy
/home/timosk/FCN/CamVid/701_StillsRaw_full/0016E5_01980.png,/home/timosk/FCN/CamVid/Labeled_idx/0016E5_01980_L.png.npy
/home/timosk/FCN/CamVid/701_StillsRaw_full/0006R0_f02250.png,/home/timosk/FCN/CamVid/Labeled_idx/0006R0_f02250_L.png.npy
/home/timosk/FCN/CamVid/701_StillsRaw_full/Seq05VD_f04260.png,/home/timosk/FCN/CamVid/Labeled_idx/Seq05VD_f04260_L.png.npy
/home/timosk/FCN/CamVid/701_StillsRaw_full/0016E5_06480.png,/home/timosk/FCN/CamVid/Labeled_idx/0016E5_06480_L.png.npy
/home/timosk/FCN/CamVid/701_StillsRaw_full/0016E5_08013.png,/home/timosk/FCN/CamVid/Labeled_idx/0016E5_08013_L.png.npy
/home/timosk/FCN/CamVid/701_StillsRaw_full/0016E5_00901.png,/home/timosk/FCN/CamVid/Labeled_idx/0016E5_00901_L.png.npy
/home/timosk/FCN/CamVid/701_StillsRaw_full/0006R0_f03480.png,/home/timosk/FCN/CamVid/Labeled_idx/0006R0_f03480_L.png.npy
/home/timosk/FCN/CamVid/701_StillsRaw_full/Seq05VD_f04710.png,/home/timosk/FCN/CamVid/Labeled_idx/Seq05VD_f04710_L.png.npy
/home/timosk/FCN/CamVid/701_StillsRaw_full/0016E5_07987.png,/home/timosk/FCN/CamVid/Labeled_idx/0016E5_07987_L.png.npy
/home/timosk/FCN/CamVid/701_StillsRaw_full/0016E5_08155.png,/home/timosk/FCN/CamVid/Labeled_idx/0016E5_08155_L.png.npy
/home/timosk/FCN/CamVid/701_StillsRaw_full/0016E5_01920.png,/home/timosk/FCN/CamVid/Labeled_idx/0016E5_01920_L.png.npy
/home/timosk/FCN/CamVid/701_StillsRaw_full/Seq05VD_f00900.png,/home/timosk/FCN/CamVid/Labeled_idx/Seq05VD_f00900_L.png.npy
/home/timosk/FCN/CamVid/701_StillsRaw_full/0016E5_04950.png,/home/timosk/FCN/CamVid/Labeled_idx/0016E5_04950_L.png.npy
/home/timosk/FCN/CamVid/701_StillsRaw_full/0016E5_01110.png,/home/timosk/FCN/CamVid/Labeled_idx/0016E5_01110_L.png.npy
/home/timosk/FCN/CamVid/701_StillsRaw_full/0016E5_08055.png,/home/timosk/FCN/CamVid/Labeled_idx/0016E5_08055_L.png.npy
/home/timosk/FCN/CamVid/701_StillsRaw_full/Seq05VD_f02670.png,/home/timosk/FCN/CamVid/Labeled_idx/Seq05VD_f02670_L.png.npy
/home/timosk/FCN/CamVid/701_StillsRaw_full/0016E5_05670.png,/home/timosk/FCN/CamVid/Labeled_idx/0016E5_05670_L.png.npy
/home/timosk/FCN/CamVid/701_StillsRaw_full/0006R0_f03900.png,/home/timosk/FCN/CamVid/Labeled_idx/0006R0_f03900_L.png.npy
/home/timosk/FCN/CamVid/701_StillsRaw_full/0001TP_010380.png,/home/timosk/FCN/CamVid/Labeled_idx/0001TP_010380_L.png.npy
/home/timosk/FCN/CamVid/701_StillsRaw_full/0001TP_009990.png,/home/timosk/FCN/CamVid/Labeled_idx/0001TP_009990_L.png.npy
/home/timosk/FCN/CamVid/701_StillsRaw_full/0016E5_08101.png,/home/timosk/FCN/CamVid/Labeled_idx/0016E5_08101_L.png.npy
/home/timosk/FCN/CamVid/701_StillsRaw_full/0006R0_f01080.png,/home/timosk/FCN/CamVid/Labeled_idx/0006R0_f01080_L.png.npy
/home/timosk/FCN/CamVid/701_StillsRaw_full/0006R0_f02160.png,/home/timosk/FCN/CamVid/Labeled_idx/0006R0_f02160_L.png.npy
/home/timosk/FCN/CamVid/701_StillsRaw_full/0001TP_008190.png,/home/timosk/FCN/CamVid/Labeled_idx/0001TP_008190_L.png.npy
/home/timosk/FCN/CamVid/701_StillsRaw_full/0016E5_06240.png,/home/timosk/FCN/CamVid/Labeled_idx/0016E5_06240_L.png.npy
/home/timosk/FCN/CamVid/701_StillsRaw_full/0016E5_08043.png,/home/timosk/FCN/CamVid/Labeled_idx/0016E5_08043_L.png.npy
/home/timosk/FCN/CamVid/701_StillsRaw_full/0016E5_08145.png,/home/timosk/FCN/CamVid/Labeled_idx/0016E5_08145_L.png.npy
/home/timosk/FCN/CamVid/701_StillsRaw_full/0006R0_f01950.png,/home/timosk/FCN/CamVid/Labeled_idx/0006R0_f01950_L.png.npy
/home/timosk/FCN/CamVid/701_StillsRaw_full/0006R0_f01380.png,/home/timosk/FCN/CamVid/Labeled_idx/0006R0_f01380_L.png.npy
/home/timosk/FCN/CamVid/701_StillsRaw_full/0016E5_07770.png,/home/timosk/FCN/CamVid/Labeled_idx/0016E5_07770_L.png.npy
/home/timosk/FCN/CamVid/701_StillsRaw_full/0001TP_006810.png,/home/timosk/FCN/CamVid/Labeled_idx/0001TP_006810_L.png.npy
